Year,NAME OF SUPPLIER,NAME OF PURCHASER,ENERGRY TRANSFERED (GWH)
1985,Madhya Pradesh S.E.B,Andhra Pradesh S.E.B.,145.79
1985,Assam S.E.B.,Arunachal Pradesh,7.2
1985,Arunachal Pradesh,Assam S.E.B.,1.53
1985,Meghalaya S.E.B,Assam S.E.B.,235.48
1985,Nagaland,Assam S.E.B.,26.03
1985,Tripura,Assam S.E.B.,0.97
1985,Assam S.E.B.,Bhutan,0.92
1985,West Bengal S.E.B,Bhutan,32.59
1985,Damodar Valley Corp.,Bihar S. E. B.,1602.94
1985,Nepal & Gandak Project,Bihar S. E. B.,16.45
1985,Orissa S.E.B,Bihar S. E. B.,2.26
1985,Uttar Pradesh S.E.B,Bihar S. E. B.,272.62
1985,West Bengal S.E.B,Bihar S. E. B.,82.65
1985,Haryana S.E.B,Chandigarh,0.23
1985,Himachal Pradesh S.E.B.,Chandigarh,3.15
1985,Punjab S.E.B,Chandigarh,123.77
1985,Haryana S.E.B,Delhi Electricity Supply Undertaking,240.37
1985,J&K S.E.B.,Delhi Electricity Supply Undertaking,69.87
1985,Punjab S.E.B,Delhi Electricity Supply Undertaking,247.49
1985,Rajasthan S.E.B,Delhi Electricity Supply Undertaking,9.69
1985,Bihar S.E.B.,Damodar Valley Corp.,19.14
1985,F.C.I (BIHAR),Damodar Valley Corp.,8.61
1985,Uttar Pradesh S.E.B,Damodar Valley Corp.,11.53
1985,Gujarat S.E.B,Dadra & Nagar Haveli,19.45
1985,Durgapur Project Limited,Damodar Valley Corp.,229.3
1985,West Bengal S.E.B,Damodar Valley Corp.,11.49
1985,Damodar Valley Corp.,DISHERGARH E.S.CO/SEEB CO/CESC,837.38
1985,Damodar Valley Corp.,Durgapur Project Limited,58.32
1985,Gujarat S.E.B,"Goa, Daman & Diu",20.74
1985,Karnataka S.E.B.,"Goa, Daman & Diu",91.1
1985,Maharashtra  S.E.B,"Goa, Daman & Diu",189.41
1985,Maharashtra  S.E.B,Gujarat S.E.B,698.21
1985,Haryana S.E.B,Himachal Pradesh S. E. B.,3.3
1985,Rajasthan S.E.B,Haryana S.E.B.,1.59
1985,Chandigarh,Haryana S.E.B.,3.51
1985,Punjab S.E.B,Haryana S.E.B.,3.51
1985,Punjab S.E.B,Himachal Pradesh S.E.B,88.42
1985,Uttar Pradesh S.E.B,Himachal Pradesh S.E.B,13.36
1985,Punjab S.E.B,J&K S.E.B,7.81
1985,Kerala S.E.B.,Karnataka S.E.B.,216.44
1985,Maharashtra  S.E.B,Karnataka S.E.B.,1027.58
1985,Tamil Nadu S.E.B,Karnataka S.E.B.,92.81
1985,Karnataka S.E.B.,Kerala S.E.B.,111.06
1985,Tamil Nadu S.E.B,Kerala S.E.B.,125
1985,Andhra Pradesh S.E.B.,Madhya Pradesh S.E.B,5.6
1985,Maharashtra  S.E.B,Madhya Pradesh S.E.B,8.25
1985,Rajasthan S.E.B,Madhya Pradesh S.E.B,0.88
1985,Uttar Pradesh S.E.B,Madhya Pradesh S.E.B,40.82
1985,Karnataka S.E.B.,Maharashtra  S.E.B,121.18
1985,Madhya Pradesh S.E.B,Maharashtra  S.E.B,4.03
1985,Assam S.E.B.,Manipur,1.57
1985,Nagaland,Manipur,0.4
1985,Assam S.E.B.,Mizoram,18.91
1985,Assam S.E.B.,Nagaland,36.68
1985,Bihar S.E.B.,Nepal,47.35
1985,Uttar Pradesh S.E.B,Nepal,26.22
1985,Andhra Pradesh S.E.B.,Orissa S.E.B,275.4
1985,Bihar S.E.B.,Orissa S.E.B,15.69
1985,Damodar Valley Corp.,Orissa S.E.B,15.24
1985,Madhya Pradesh S.E.B,Orissa S.E.B,305.15
1985,Andhra Pradesh S.E.B.,Pondicherry,4.59
1985,Kerala S.E.B.,Pondicherry,10.98
1985,Tamil Nadu S.E.B,Pondicherry,187
1985,Himachal Pradesh S.E.B.,Punjab S.E.B,128.89
1985,Haryana S.E.B,Rajasthan S.E.B,1.61
1985,Punjab S.E.B,Rajasthan S.E.B,145.24
1985,Karnataka S.E.B.,Tamil Nadu S.E.B,0.26
1985,Kerala S.E.B.,Tamil Nadu S.E.B,147.6
1985,Assam S.E.B.,Tripura,27.24
1985,Bihar S.E.B.,Uttar Pradesh S.E.B,111.08
1985,Damodar Valley Corp.,Uttar Pradesh S.E.B,10.33
1985,Himachal Pradesh S.E.B.,Uttar Pradesh S.E.B,91.89
1985,Madhya Pradesh S.E.B,Uttar Pradesh S.E.B,0.42
1985,Assam S.E.B.,West Bengal S.E.B,43.36
1985,Bihar S.E.B.,West Bengal S.E.B,0.29
1985,Damodar Valley Corp.,West Bengal S.E.B,429.82
1985,Sikkim,West Bengal S.E.B,2.76
1986,Arunachal Pradesh,Assam S.E.B.,0.52
1986,Tamil Nadu S.E.B,Andhra Pradesh S.E.B.,0.64
1986,Madhya Pradesh S.E.B,Andhra Pradesh S.E.B.,240.46
1986,Assam S.E.B.,Arunachal Pradesh,8.58
1986,Meghalaya S.E.B,Assam S.E.B.,145.19
1986,Nagaland,Assam S.E.B.,17.96
1986,Tripura,Assam S.E.B.,1.83
1986,West Bengal S.E.B,Bhutan,28.11
1986,Damodar Valley Corp.,Bihar S. E. B.,1941.54
1986,Nepal & Gandak Project & Bhutan,Bihar S. E. B.,45.72
1986,Orissa S.E.B,Bihar S. E. B.,25.98
1986,Uttar Pradesh S.E.B,Bihar S. E. B.,154.38
1986,West Bengal S.E.B,Bihar S. E. B.,47.33
1986,Haryana S.E.B,Chandigarh,18.88
1986,Himachal Pradesh S.E.B.,Chandigarh,24.46
1986,Punjab S.E.B,Chandigarh,141.07
1986,Haryana S.E.B,Delhi Electricity Supply Undertaking,117.47
1986,Himachal Pradesh S.E.B.,Delhi Electricity Supply Undertaking,7.61
1986,J&K S.E.B.,Delhi Electricity Supply Undertaking,48.51
1986,Punjab S.E.B,Delhi Electricity Supply Undertaking,67.64
1986,Bihar S.E.B.,Damodar Valley Corp.,150.14
1986,F.C.I (BIHAR),Damodar Valley Corp.,25.31
1986,Orissa S.E.B,Damodar Valley Corp.,27.61
1986,Gujarat S.E.B,Dadra & Nagar Haveli,33.89
1986,West Bengal S.E.B,Damodar Valley Corp.,12.12
1986,Damodar Valley Corp.,DISHERGARH E.S.CO/SEEB.CO/CECS,731.51
1986,Damodar Valley Corp.,Durgapur Project Limited,7.71
1986,Gujarat S.E.B,"Goa, Daman & Diu",24.43
1986,Karnataka S.E.B.,"Goa, Daman & Diu",110
1986,Maharashtra  S.E.B,"Goa, Daman & Diu",136.95
1986,Maharashtra  S.E.B,Gujarat S.E.B,692.31
1986,Punjab S.E.B,Haryana S.E.B.,6.03
1986,Punjab S.E.B,Himachal Pradesh S.E.B,115.57
1986,Uttar Pradesh S.E.B,Himachal Pradesh S.E.B,16.02
1986,Rajasthan S.E.B,J&K S.E.B,15.18
1986,Andhra Pradesh S.E.B.,Karnataka S.E.B.,68.18
1986,Kerala S.E.B.,Karnataka S.E.B.,19.16
1986,Maharashtra  S.E.B,Karnataka S.E.B.,1372.99
1986,Tamil Nadu S.E.B,Karnataka S.E.B.,46.32
1986,Karnataka S.E.B.,Kerala S.E.B.,24.81
1986,Tamil Nadu S.E.B,Kerala S.E.B.,47.61
1986,Andhra Pradesh S.E.B.,Madhya Pradesh S.E.B,41.35
1986,Maharashtra  S.E.B,Madhya Pradesh S.E.B,6.38
1986,Rajasthan S.E.B,Madhya Pradesh S.E.B,138.49
1986,Uttar Pradesh S.E.B,Madhya Pradesh S.E.B,43.81
1986,Karnataka S.E.B.,Maharashtra  S.E.B,34
1986,Madhya Pradesh S.E.B,Maharashtra  S.E.B,1.36
1986,Assam S.E.B.,Mizoram,16.87
1986,Assam S.E.B.,Nagaland,28.62
1986,Bihar S.E.B.,Nepal,11.19
1986,Uttar Pradesh S.E.B,Nepal,28.23
1986,Andhra Pradesh S.E.B.,Orissa S.E.B,180.9
1986,Bhutan,Orissa S.E.B,43.31
1986,Bihar S.E.B.,Orissa S.E.B,139.03
1986,Damodar Valley Corp.,Orissa S.E.B,85.05
1986,Madhya Pradesh S.E.B,Orissa S.E.B,372.69
1986,West Bengal S.E.B,Orissa S.E.B,6.55
1986,Andhra Pradesh S.E.B.,Pondicherry,9.24
1986,Kerala S.E.B.,Pondicherry,10.33
1986,Tamil Nadu S.E.B,Pondicherry,273.96
1986,Himachal Pradesh S.E.B.,Punjab S.E.B,91.25
1986,Haryana S.E.B,Rajasthan S.E.B,18.23
1986,Himachal Pradesh S.E.B.,Rajasthan S.E.B,23.22
1986,Madhya Pradesh S.E.B,Rajasthan S.E.B,136.69
1986,Punjab S.E.B,Rajasthan S.E.B,336.88
1986,Kerala S.E.B.,Tamil Nadu S.E.B,70
1986,Assam S.E.B.,Tripura,26.15
1986,Bihar S.E.B.,Uttar Pradesh S.E.B,63.88
1986,Himachal Pradesh S.E.B.,Uttar Pradesh S.E.B,47.28
1986,Madhya Pradesh S.E.B,Uttar Pradesh S.E.B,29.81
1986,Punjab S.E.B,Uttar Pradesh S.E.B,11.86
1986,Bhutan,West Bengal S.E.B,80.92
1986,Assam S.E.B.,West Bengal S.E.B,0.43
1986,Bihar S.E.B.,West Bengal S.E.B,1.28
1986,Damodar Valley Corp.,West Bengal S.E.B,489.71
1986,Sikkim,West Bengal S.E.B,0.56
1987,Madhya Pradesh S.E.B,Andhra Pradesh S.E.B.,212.18
1987,Tamil Nadu S.E.B,Andhra Pradesh S.E.B.,30.12
1987,Assam S.E.B.,Arunachal Pradesh,6.42
1987,Arunachal Pradesh,Assam S.E.B.,1.17
1987,Meghalaya S.E.B,Assam S.E.B.,311.26
1987,Nagaland,Assam S.E.B.,1.98
1987,Tripura,Assam S.E.B.,8.27
1987,Assam S.E.B.,Bhutan,3.19
1987,Bihar S.E.B.,Bhutan,0.61
1987,West Bengal S.E.B,Bhutan,0.89
1987,Bhutan,Bihar S. E. B.,491.81
1987,Damodar Valley Corp.,Bihar S. E. B.,2196.4
1987,Nepal & Gandak Project & Bhutan,Bihar S. E. B.,13.28
1987,Orissa S.E.B,Bihar S. E. B.,16.28
1987,Uttar Pradesh S.E.B,Bihar S. E. B.,43.24
1987,West Bengal S.E.B,Bihar S. E. B.,29.03
1987,Haryana S.E.B,Chandigarh,45.82
1987,J&K S.E.B.,Chandigarh,16.5
1987,Punjab S.E.B,Chandigarh,134.92
1987,Rajasthan S.E.B,Chandigarh,8.66
1987,Haryana S.E.B,Delhi Electricity Supply Undertaking,136.96
1987,J&K S.E.B.,Delhi Electricity Supply Undertaking,11.85
1987,Punjab S.E.B,Delhi Electricity Supply Undertaking,9.31
1987,Gujarat S.E.B,Dadra & Nagar Haveli,61.21
1987,Gujarat S.E.B,Daman & Diu,31.81
1987,Bihar S.E.B.,Damodar Valley Corp.,216.11
1987,Orissa S.E.B,Damodar Valley Corp.,20.96
1987,West Bengal S.E.B,Damodar Valley Corp.,809.45
1987,Damodar Valley Corp.,DISHERGARH E.S.CO/SEEBPUR E.S.CO./CESC.,840.68
1987,Damodar Valley Corp.,Durgapur Project Limited,7.47
1987,Damodar Valley Corp.,F.C.I (BIHAR),2.88
1987,Maharashtra  S.E.B,Goa,145.98
1987,Maharashtra  S.E.B,Gujarat S.E.B,525.61
1987,Punjab S.E.B,Himachal Pradesh S.E.B,152.49
1987,Uttar Pradesh S.E.B,Himachal Pradesh S.E.B,0.03
1987,Andhra Pradesh S.E.B.,Karnataka S.E.B.,2.08
1987,Maharashtra  S.E.B,Karnataka S.E.B.,1752.7
1987,Tamil Nadu S.E.B,Karnataka S.E.B.,62.6
1987,Tamil Nadu S.E.B,Kerala S.E.B.,252
1987,Andhra Pradesh S.E.B.,Madhya Pradesh S.E.B,72.9
1987,Maharashtra  S.E.B,Madhya Pradesh S.E.B,28.86
1987,Rajasthan S.E.B,Madhya Pradesh S.E.B,123.8
1987,Uttar Pradesh S.E.B,Madhya Pradesh S.E.B,30.73
1987,Gujarat S.E.B,Maharashtra  S.E.B,340.58
1987,Karnataka S.E.B.,Maharashtra  S.E.B,8.06
1987,Madhya Pradesh S.E.B,Maharashtra  S.E.B,0.66
1987,Assam S.E.B.,Meghalaya S.E.B,16.62
1987,Assam S.E.B.,Mizoram,16.95
1987,Assam S.E.B.,Nagaland,40.52
1987,Uttar Pradesh S.E.B,Nepal,25.25
1987,Andhra Pradesh S.E.B.,Orissa S.E.B,121.73
1987,Bihar S.E.B.,Orissa S.E.B,351.47
1987,Damodar Valley Corp.,Orissa S.E.B,198.17
1987,Madhya Pradesh S.E.B,Orissa S.E.B,277
1987,Andhra Pradesh S.E.B.,Pondicherry,9.86
1987,Kerala S.E.B.,Pondicherry,11.83
1987,Tamil Nadu S.E.B,Pondicherry,63.38
1987,Himachal Pradesh S.E.B.,Punjab S.E.B,110.2
1987,Madhya Pradesh S.E.B,Rajasthan S.E.B,78.83
1987,Punjab S.E.B,Rajasthan S.E.B,169.64
1987,Bhutan,Sikkim,2.79
1987,Andhra Pradesh S.E.B.,Tamil Nadu S.E.B,6.28
1987,Kerala S.E.B.,Tamil Nadu S.E.B,17
1987,Assam S.E.B.,Tripura,30.44
1987,Bihar S.E.B.,Uttar Pradesh S.E.B,14.39
1987,Himachal Pradesh S.E.B.,Uttar Pradesh S.E.B,0.96
1987,Punjab S.E.B,Uttar Pradesh S.E.B,53.35
1987,Assam S.E.B.,West Bengal S.E.B,0.44
1987,Bhutan,West Bengal S.E.B,218.25
1987,Bihar S.E.B.,West Bengal S.E.B,229.53
1987,Damodar Valley Corp.,West Bengal S.E.B,494.66
1987,Orissa S.E.B,West Bengal S.E.B,198.17
1987,Sikkim,West Bengal S.E.B,0.12
1988,Karnataka S.E.B.,Andhra Pradesh S.E.B.,2.84
1988,Madhya Pradesh S.E.B,Andhra Pradesh S.E.B.,560.2
1988,Tamil Nadu S.E.B,Andhra Pradesh S.E.B.,6.07
1988,Assam S.E.B.,Arunachal Pradesh,15.94
1988,Meghalaya S.E.B,Assam S.E.B.,231.4
1988,Nagaland,Assam S.E.B.,11.15
1988,Tripura,Assam S.E.B.,1.72
1988,Assam S.E.B.,Bhutan,1.05
1988,Bihar S.E.B.,Bhutan,1.14
1988,West Bengal S.E.B,Bhutan,3.79
1988,Bhutan,Bihar S. E. B.,604.94
1988,Damodar Valley Corp.,Bihar S. E. B.,1851.89
1988,Nepal & Gandak Project,Bihar S. E. B.,13.28
1988,Orissa S.E.B,Bihar S. E. B.,9.05
1988,Uttar Pradesh S.E.B,Bihar S. E. B.,30
1988,West Bengal S.E.B,Bihar S. E. B.,174.46
1988,Haryana S.E.B,Chandigarh,42.74
1988,Punjab S.E.B,Chandigarh,58.73
1988,Haryana S.E.B,Delhi Electricity Supply Undertaking,279.92
1988,Punjab S.E.B,Delhi Electricity Supply Undertaking,80.32
1988,Uttar Pradesh S.E.B,Delhi Electricity Supply Undertaking,175.34
1988,Gujarat S.E.B,Dadra & Nagar Haveli,104.43
1988,Gujarat S.E.B,Daman & Diu,43.27
1988,Bihar S.E.B.,Damodar Valley Corp.,341.62
1988,Orissa S.E.B,Damodar Valley Corp.,38.46
1988,West Bengal S.E.B,Damodar Valley Corp.,659.37
1988,Damodar Valley Corp.,DISHERGARH E.S.CO./ SEEBPUR E.S.CO/CESC,900.74
1988,Damodar Valley Corp.,Durgapur Project Limited,19.55
1988,Damodar Valley Corp.,F.C.I (BIHAR),6.77
1988,Maharashtra  S.E.B,Goa,140.68
1988,Maharashtra  S.E.B,Gujarat S.E.B,383.9
1988,Chandigarh,Haryana S.E.B.,1
1988,Uttar Pradesh S.E.B,Haryana S.E.B.,10.66
1988,Punjab S.E.B,Himachal Pradesh S.E.B,162.4
1988,Uttar Pradesh S.E.B,Himachal Pradesh S.E.B,19
1988,Andhra Pradesh S.E.B.,Karnataka S.E.B.,4.03
1988,Kerala S.E.B.,Karnataka S.E.B.,0.16
1988,Maharashtra  S.E.B,Karnataka S.E.B.,794.73
1988,Tamil Nadu S.E.B,Karnataka S.E.B.,26.77
1988,Andhra Pradesh S.E.B.,Madhya Pradesh S.E.B,33.76
1988,Maharashtra  S.E.B,Madhya Pradesh S.E.B,0.48
1988,Rajasthan S.E.B,Madhya Pradesh S.E.B,30.42
1988,Uttar Pradesh S.E.B,Madhya Pradesh S.E.B,31.95
1988,Gujarat S.E.B,Maharashtra  S.E.B,433.2
1988,Karnataka S.E.B.,Maharashtra  S.E.B,32.36
1988,Madhya Pradesh S.E.B,Maharashtra  S.E.B,82.19
1988,Assam S.E.B.,Mizoram,17.61
1988,Tripura,Mizoram,2.89
1988,Damodar Valley Corp.,N.T.P.C,36.78
1988,Assam S.E.B.,Nagaland,44.43
1988,Bihar S.E.B.,Nepal,55.12
1988,Uttar Pradesh S.E.B,Nepal,36
1988,Andhra Pradesh S.E.B.,Orissa S.E.B,93.37
1988,Bhutan,Orissa S.E.B,178
1988,Bihar S.E.B.,Orissa S.E.B,187.96
1988,Damodar Valley Corp.,Orissa S.E.B,128.12
1988,Madhya Pradesh S.E.B,Orissa S.E.B,156.19
1988,Andhra Pradesh S.E.B.,Pondicherry,13.41
1988,Kerala S.E.B.,Pondicherry,12.03
1988,Tamil Nadu S.E.B,Pondicherry,82
1988,Chandigarh,Punjab S.E.B,1.05
1988,Himachal Pradesh S.E.B.,Punjab S.E.B,193.92
1988,Haryana S.E.B,Rajasthan S.E.B,36.74
1988,Madhya Pradesh S.E.B,Rajasthan S.E.B,305.53
1988,Punjab S.E.B,Rajasthan S.E.B,245.35
1988,Bhutan,Sikkim,5.11
1988,Karnataka S.E.B.,Tamil Nadu S.E.B,1
1988,Kerala S.E.B.,Tamil Nadu S.E.B,10
1988,Assam S.E.B.,Tripura,51
1988,Himachal Pradesh S.E.B.,Uttar Pradesh S.E.B,12.35
1988,Bhutan,West Bengal S.E.B,495.82
1988,Bihar S.E.B.,West Bengal S.E.B,2.09
1988,Damodar Valley Corp.,West Bengal S.E.B,774.55
1988,Sikkim,West Bengal S.E.B,0.49
1989,Karnataka S.E.B.,Andhra Pradesh S.E.B.,4.12
1989,Madhya Pradesh S.E.B,Andhra Pradesh S.E.B.,485.87
1989,Assam S.E.B.,Arunachal Pradesh,15.54
1989,Arunachal Pradesh,Assam S.E.B.,0.3
1989,Meghalaya S.E.B,Assam S.E.B.,199.74
1989,Mizoram,Assam S.E.B.,2.63
1989,Tripura,Assam S.E.B.,2.82
1989,Assam S.E.B.,Bhutan,2.07
1989,Bihar S.E.B.,Bhutan,2
1989,Bhutan,Bihar S. E. B.,399.02
1989,Damodar Valley Corp.,Bihar S. E. B.,2087.27
1989,Nepal & Gandak Project,Bihar S. E. B.,14
1989,Uttar Pradesh S.E.B,Bihar S. E. B.,38.07
1989,Haryana S.E.B,Chandigarh,11.53
1989,Punjab S.E.B,Chandigarh,203.37
1989,Haryana S.E.B,Delhi Electricity Supply Undertaking,44.8
1989,Himachal Pradesh S.E.B.,Delhi Electricity Supply Undertaking,4.67
1989,Punjab S.E.B,Delhi Electricity Supply Undertaking,17.53
1989,Gujarat S.E.B,Dadra & Nagar Haveli,42
1989,Gujarat S.E.B,Daman & Diu,10.47
1989,Bihar S.E.B.,Damodar Valley Corp.,252.58
1989,Orissa S.E.B,Damodar Valley Corp.,18.86
1989,West Bengal S.E.B,Damodar Valley Corp.,472.67
1989,Damodar Valley Corp.,DISHERGARH E.S.CO/SEEBPUR E.S.CO/CIESC,859.18
1989,Damodar Valley Corp.,Durgapur Project Limited,30.92
1989,Damodar Valley Corp.,F.C.I (BIHAR) (NET),12.97
1989,Maharashtra  S.E.B,Goa,161.5
1989,Maharashtra  S.E.B,Gujarat S.E.B,491.15
1989,Rajasthan S.E.B,Haryana S.E.B.,4.44
1989,Punjab S.E.B,Haryana S.E.B.,171.18
1989,Punjab S.E.B,Himachal Pradesh S.E.B,151.75
1989,Uttar Pradesh S.E.B,Himachal Pradesh S.E.B,93.23
1989,Punjab S.E.B,J&K S.E.B,3.47
1989,Andhra Pradesh S.E.B.,Karnataka S.E.B.,2.63
1989,Kerala S.E.B.,Karnataka S.E.B.,46.18
1989,Maharashtra  S.E.B,Karnataka S.E.B.,615.73
1989,Gujarat S.E.B,Madhya Pradesh S.E.B,1.95
1989,Andhra Pradesh S.E.B.,Madhya Pradesh S.E.B,52.8
1989,Maharashtra  S.E.B,Madhya Pradesh S.E.B,1708.36
1989,Rajasthan S.E.B,Madhya Pradesh S.E.B,56.76
1989,Uttar Pradesh S.E.B,Madhya Pradesh S.E.B,41.14
1989,Gujarat S.E.B,Maharashtra  S.E.B,515
1989,Karnataka S.E.B.,Maharashtra  S.E.B,33.74
1989,Madhya Pradesh S.E.B,Maharashtra  S.E.B,1700.36
1989,Assam S.E.B.,Meghalaya S.E.B,24.84
1989,Assam S.E.B.,Mizoram,22.46
1989,Damodar Valley Corp.,N.T.P.C,6.44
1989,Assam S.E.B.,Nagaland,8.84
1989,Bihar S.E.B.,Nepal,56
1989,Uttar Pradesh S.E.B,Nepal,45
1989,Andhra Pradesh S.E.B.,Orissa S.E.B,137.18
1989,Bhutan,Orissa S.E.B,177.66
1989,Bihar S.E.B.,Orissa S.E.B,215.25
1989,Damodar Valley Corp.,Orissa S.E.B,126.22
1989,Madhya Pradesh S.E.B,Orissa S.E.B,100.87
1989,Rajasthan S.E.B,Punjab S.E.B,3.58
1989,Andhra Pradesh S.E.B.,Pondicherry,16.4
1989,Kerala S.E.B.,Pondicherry,13.13
1989,Tamil Nadu S.E.B,Pondicherry,513.72
1989,Haryana S.E.B,Punjab S.E.B,20.55
1989,Himachal Pradesh S.E.B.,Punjab S.E.B,216.47
1989,Haryana S.E.B,Rajasthan S.E.B,14.92
1989,Himachal Pradesh S.E.B.,Rajasthan S.E.B,18.01
1989,Madhya Pradesh S.E.B,Rajasthan S.E.B,14.38
1989,Punjab S.E.B,Rajasthan S.E.B,224.21
1989,Bhutan,Sikkim,14.03
1989,Kerala S.E.B.,Tamil Nadu S.E.B,57.42
1989,Assam S.E.B.,Tripura,42.11
1989,Haryana S.E.B,Uttar Pradesh S.E.B,44.81
1989,Madhya Pradesh S.E.B,Uttar Pradesh S.E.B,1.66
1989,Punjab S.E.B,Uttar Pradesh S.E.B,63.16
1989,Rajasthan S.E.B,Uttar Pradesh S.E.B,54.13
1989,Himachal Pradesh S.E.B.,Uttar Pradesh S.E.B,104.72
1989,Bhutan,West Bengal S.E.B,421.08
1989,Damodar Valley Corp.,West Bengal S.E.B,2216.71
1990,Karnataka S.E.B.,Andhra Pradesh S.E.B.,2.4
1990,Madhya Pradesh S.E.B,Andhra Pradesh S.E.B.,72.9
1990,Maharashtra  S.E.B,Andhra Pradesh S.E.B.,135.4
1990,Assam S.E.B.,Arunachal Pradesh,26.4
1990,Arunachal Pradesh,Assam S.E.B.,0.2
1990,Meghalaya S.E.B,Assam S.E.B.,140.39
1990,Nagaland,Assam S.E.B.,2.9
1990,Tripura,Assam S.E.B.,2.22
1990,West Bengal S.E.B,Bhutan,0.06
1990,Bhutan,Bihar S. E. B.,413
1990,Damodar Valley Corp.,Bihar S. E. B.,1023.43
1990,Nepal & Gandak Project,Bihar S. E. B.,50.46
1990,Orissa S.E.B,Bihar S. E. B.,43.03
1990,Uttar Pradesh S.E.B,Bihar S. E. B.,26
1990,Himachal Pradesh S.E.B.,Chandigarh,4.62
1990,Punjab S.E.B,Chandigarh,34.23
1990,Haryana S.E.B,Delhi Electricity Supply Undertaking,37.16
1990,Himachal Pradesh S.E.B.,Delhi Electricity Supply Undertaking,209.57
1990,Punjab S.E.B,Delhi Electricity Supply Undertaking,149
1990,Gujarat S.E.B,Dadra & Nagar Haveli,30.49
1990,Bihar S.E.B.,Damodar Valley Corp.,39.2
1990,Orissa S.E.B,Damodar Valley Corp.,60.31
1990,West Bengal S.E.B,Damodar Valley Corp.,404.4
1990,Damodar Valley Corp.,DISHERGARH E.S.C/ SEEBPUR E.S.CO/CESC,76.49
1990,Damodar Valley Corp.,Durgapur Project Limited,0.01
1990,Damodar Valley Corp.,F.C.I (BIHAR) (NET),23.3
1990,Maharashtra  S.E.B,Goa,172.96
1990,Maharashtra  S.E.B,Gujarat S.E.B,563
1990,Haryana S.E.B,Himachal Pradesh S. E. B.,30.54
1990,Chandigarh,Haryana S.E.B.,1.44
1990,Himachal Pradesh S.E.B.,Haryana S.E.B.,61.09
1990,Punjab S.E.B,Haryana S.E.B.,47.67
1990,Punjab S.E.B,Himachal Pradesh S.E.B,17.09
1990,Uttar Pradesh S.E.B,Himachal Pradesh S.E.B,268.5
1990,Haryana S.E.B,J&K S.E.B,2.05
1990,Punjab S.E.B,J&K S.E.B,56.52
1990,Andhra Pradesh S.E.B.,Karnataka S.E.B.,20.79
1990,Kerala S.E.B.,Karnataka S.E.B.,6.05
1990,Maharashtra  S.E.B,Karnataka S.E.B.,300.11
1990,Andhra Pradesh S.E.B.,Madhya Pradesh S.E.B,4.66
1990,Maharashtra  S.E.B,Madhya Pradesh S.E.B,31.4
1990,Rajasthan S.E.B,Madhya Pradesh S.E.B,101.41
1990,Uttar Pradesh S.E.B,Madhya Pradesh S.E.B,42.61
1990,Gujarat S.E.B,Maharashtra  S.E.B,399
1990,Karnataka S.E.B.,Maharashtra  S.E.B,2.19
1990,Assam S.E.B.,Mizoram,10.71
1990,Tripura,Mizoram,2.46
1990,Damodar Valley Corp.,N.T.P.C,0.31
1990,Assam S.E.B.,Nagaland,35.93
1990,Bihar S.E.B.,Nepal,43
1990,Uttar Pradesh S.E.B,Nepal,19
1990,Andhra Pradesh S.E.B.,Orissa S.E.B,110.04
1990,Bhutan,Orissa S.E.B,81
1990,Bihar S.E.B.,Orissa S.E.B,7.04
1990,Damodar Valley Corp.,Orissa S.E.B,60.42
1990,Madhya Pradesh S.E.B,Orissa S.E.B,101
1990,Rajasthan S.E.B,Punjab S.E.B,4.97
1990,Andhra Pradesh S.E.B.,Pondicherry,17.39
1990,Kerala S.E.B.,Pondicherry,11.06
1990,Tamil Nadu S.E.B,Pondicherry,111.41
1990,Chandigarh,Punjab S.E.B,1.45
1990,Haryana S.E.B,Punjab S.E.B,11.9
1990,Himachal Pradesh S.E.B.,Rajasthan S.E.B,71.73
1990,Madhya Pradesh S.E.B,Rajasthan S.E.B,61.21
1990,Punjab S.E.B,Rajasthan S.E.B,333.06
1990,Bhutan,Sikkim,19
1990,Kerala S.E.B.,Tamil Nadu S.E.B,4.54
1990,Assam S.E.B.,Tripura,35.33
1990,Punjab S.E.B,Uttar Pradesh S.E.B,30.67
1990,Rajasthan S.E.B,Uttar Pradesh S.E.B,28.94
1990,Himachal Pradesh S.E.B.,Uttar Pradesh S.E.B,370.7
1990,Assam S.E.B.,West Bengal S.E.B,1.29
1990,Bhutan,West Bengal S.E.B,417
1990,Bihar S.E.B.,West Bengal S.E.B,2.27
1990,Damodar Valley Corp.,West Bengal S.E.B,600
1990,Orissa S.E.B,West Bengal S.E.B,16.99
1991,Madhya Pradesh S.E.B,Andhra Pradesh S.E.B.,72.64
1991,Maharashtra  S.E.B,Andhra Pradesh S.E.B.,152.14
1991,Orissa S.E.B,Andhra Pradesh S.E.B.,48.21
1991,Assam S.E.B.,Arunachal Pradesh,20.92
1991,Meghalaya S.E.B,Assam S.E.B.,199.39
1991,Tripura,Assam S.E.B.,0.29
1991,West Bengal S.E.B,Assam S.E.B.,56.3
1991,Assam S.E.B.,Bhutan,3.74
1991,West Bengal S.E.B,Bhutan,1
1991,Bhutan,Bihar S. E. B.,413
1991,Damodar Valley Corp.,Bihar S. E. B.,1789.36
1991,Nepal & Gandak Project,Bihar S. E. B.,83.2
1991,Orissa S.E.B,Bihar S. E. B.,36.98
1991,West Bengal S.E.B,Bihar S. E. B.,18.67
1991,Punjab S.E.B,Chandigarh,31.04
1991,Rajasthan S.E.B,Chandigarh,1.94
1991,Haryana S.E.B,Delhi Electricity Supply Undertaking,90.94
1991,Himachal Pradesh S.E.B.,Delhi Electricity Supply Undertaking,347.01
1991,Punjab S.E.B,Delhi Electricity Supply Undertaking,17.18
1991,Bhutan,Damodar Valley Corp.,380
1991,Gujarat S.E.B,Dadra & Nagar Haveli,4.9
1991,Gujarat S.E.B,Daman & Diu,38.45
1991,Bihar S.E.B.,Damodar Valley Corp.,68.09
1991,Orissa S.E.B,Damodar Valley Corp.,42.76
1991,West Bengal S.E.B,Damodar Valley Corp.,324.36
1991,Damodar Valley Corp.,Durgapur Project Limited,69.5
1991,West Bengal S.E.B,Durgapur Project Limited,57
1991,Damodar Valley Corp.,F.C.I,29.81
1991,Maharashtra  S.E.B,Goa,197.47
1991,Maharashtra  S.E.B,Gujarat S.E.B,848.73
1991,Himachal Pradesh S.E.B.,Haryana S.E.B.,50.59
1991,Punjab S.E.B,Haryana S.E.B.,7.69
1991,Rajasthan S.E.B,Haryana S.E.B.,3.12
1991,Haryana S.E.B,Himachal Pradesh S.E.B,25.44
1991,Punjab S.E.B,Himachal Pradesh S.E.B,58.07
1991,Uttar Pradesh S.E.B,Himachal Pradesh S.E.B,834.42
1991,Punjab S.E.B,J&K S.E.B,2.38
1991,Kerala S.E.B.,Karnataka S.E.B.,0.06
1991,Maharashtra  S.E.B,Karnataka S.E.B.,0.39
1991,Karnataka S.E.B.,Kerala S.E.B.,28.18
1991,Damodar Valley Corp.,Licencees in West Bengal,775.92
1991,Rajasthan S.E.B,Madhya Pradesh S.E.B,64.65
1991,Uttar Pradesh S.E.B,Madhya Pradesh S.E.B,50
1991,Andhra Pradesh S.E.B.,Madhya Pradesh S.E.B,40.06
1991,Maharashtra  S.E.B,Madhya Pradesh S.E.B,35.98
1991,Gujarat S.E.B,Maharashtra  S.E.B,121.71
1991,Assam S.E.B.,Mizoram,9.9
1991,Tripura,Mizoram,0.97
1991,Damodar Valley Corp.,N.T.P.C,4.12
1991,Assam S.E.B.,Nagaland,12.84
1991,Bihar S.E.B.,Nepal,23.25
1991,Uttar Pradesh S.E.B,Nepal,25
1991,Andhra Pradesh S.E.B.,Orissa S.E.B,157.38
1991,Bhutan,Orissa S.E.B,192
1991,Damodar Valley Corp.,Orissa S.E.B,107.56
1991,Madhya Pradesh S.E.B,Orissa S.E.B,24.85
1991,Andhra Pradesh S.E.B.,Pondicherry,18.16
1991,Kerala S.E.B.,Pondicherry,14.21
1991,Tamil Nadu S.E.B,Pondicherry,133
1991,Delhi Electricity Supply Undertaking,Punjab S.E.B,0.02
1991,Haryana S.E.B,Punjab S.E.B,5.21
1991,Chandigarh,Rajasthan S.E.B,2.49
1991,Delhi Electricity Supply Undertaking,Rajasthan S.E.B,30.84
1991,Haryana S.E.B,Rajasthan S.E.B,0.01
1991,Himachal Pradesh S.E.B.,Rajasthan S.E.B,41.53
1991,J&K S.E.B.,Rajasthan S.E.B,2.24
1991,Madhya Pradesh S.E.B,Rajasthan S.E.B,97.89
1991,Punjab S.E.B,Rajasthan S.E.B,273.59
1991,Uttar Pradesh S.E.B,Rajasthan S.E.B,5.65
1991,Bhutan,Sikkim,21
1991,Kerala S.E.B.,Tamil Nadu S.E.B,2.11
1991,Assam S.E.B.,Tripura,27.69
1991,Himachal Pradesh S.E.B.,Uttar Pradesh S.E.B,125.28
1991,Punjab S.E.B,Uttar Pradesh S.E.B,19.08
1991,Assam S.E.B.,West Bengal S.E.B,1.43
1991,Bhutan,West Bengal S.E.B,417
1991,Damodar Valley Corp.,West Bengal S.E.B,724.81
1992,Goa,Andhra Pradesh S.E.B.,40.6
1992,Madhya Pradesh S.E.B,Andhra Pradesh S.E.B.,201.04
1992,Maharashtra  S.E.B,Andhra Pradesh S.E.B.,25.33
1992,Assam S.E.B.,Arunachal Pradesh,17.29
1992,Meghalaya S.E.B,Assam S.E.B.,195.61
1992,Assam S.E.B.,Bhutan,7.82
1992,West Bengal S.E.B,Bhutan,1
1992,Assam S.E.B.,Bihar S. E. B.,10.05
1992,Bhutan,Bihar S. E. B.,414
1992,Damodar Valley Corp.,Bihar S. E. B.,1679.86
1992,Nepal & Gandak Project,Bihar S. E. B.,48.75
1992,Orissa S.E.B,Bihar S. E. B.,0.2
1992,West Bengal S.E.B,Bihar S. E. B.,291.86
1992,Punjab S.E.B,Chandigarh,6.25
1992,Rajasthan S.E.B,Chandigarh,8.85
1992,Himachal Pradesh S.E.B.,Delhi Electricity Supply Undertaking,309.9
1992,Punjab S.E.B,Delhi Electricity Supply Undertaking,31.47
1992,Rajasthan S.E.B,Delhi Electricity Supply Undertaking,109.69
1992,Bhutan,Damodar Valley Corp.,349
1992,Gujarat S.E.B,Dadra & Nagar Haveli,2.95
1992,Bihar S.E.B.,Damodar Valley Corp.,87.65
1992,Orissa S.E.B,Damodar Valley Corp.,30.47
1992,West Bengal S.E.B,Damodar Valley Corp.,775.91
1992,Damodar Valley Corp.,F.C.I,18.92
1992,Karnataka S.E.B.,Goa,0.01
1992,Maharashtra  S.E.B,Goa,37.69
1992,Maharashtra  S.E.B,Gujarat S.E.B,225.32
1992,Himachal Pradesh S.E.B.,Haryana S.E.B.,35.47
1992,Punjab S.E.B,Haryana S.E.B.,79.32
1992,Haryana S.E.B,Himachal Pradesh S.E.B,14.9
1992,Punjab S.E.B,Himachal Pradesh S.E.B,55.74
1992,Rajasthan S.E.B,Himachal Pradesh S.E.B,3.99
1992,Uttar Pradesh S.E.B,Himachal Pradesh S.E.B,262
1992,Punjab S.E.B,J&K S.E.B,2.9
1992,Rajasthan S.E.B,J&K S.E.B,31.6
1992,Andhra Pradesh S.E.B.,Karnataka S.E.B.,6.25
1992,Karnataka S.E.B.,Kerala S.E.B.,5.82
1992,Damodar Valley Corp.,Licencees in West Bengal,713.71
1992,Andhra Pradesh S.E.B.,Madhya Pradesh S.E.B,30
1992,Rajasthan S.E.B,Madhya Pradesh S.E.B,173.99
1992,Uttar Pradesh S.E.B,Madhya Pradesh S.E.B,62
1992,Maharashtra  S.E.B,Madhya Pradesh S.E.B,38.43
1992,Gujarat S.E.B,Maharashtra  S.E.B,327
1992,Assam S.E.B.,Meghalaya S.E.B,20.4
1992,Assam S.E.B.,Mizoram,1.54
1992,Tripura,Mizoram,0.05
1992,Damodar Valley Corp.,N.T.P.C,10.76
1992,Assam S.E.B.,Nagaland,11.65
1992,Bihar S.E.B.,Nepal,41.81
1992,Uttar Pradesh S.E.B,Nepal,95
1992,Bhutan,Orissa S.E.B,182
1992,Bihar S.E.B.,Orissa S.E.B,1901
1992,Damodar Valley Corp.,Orissa S.E.B,90.28
1992,Madhya Pradesh S.E.B,Orissa S.E.B,179.52
1992,West Bengal S.E.B,Orissa S.E.B,77.18
1992,Andhra Pradesh S.E.B.,Pondicherry,17.49
1992,Kerala S.E.B.,Pondicherry,15.71
1992,Tamil Nadu S.E.B,Pondicherry,142
1992,Chandigarh,Punjab S.E.B,2.06
1992,Rajasthan S.E.B,Punjab S.E.B,29.26
1992,Uttar Pradesh S.E.B,Punjab S.E.B,31
1992,Chandigarh,Rajasthan S.E.B,3.89
1992,Haryana S.E.B,Rajasthan S.E.B,2.61
1992,Himachal Pradesh S.E.B.,Rajasthan S.E.B,230.48
1992,J&K S.E.B.,Rajasthan S.E.B,2.39
1992,Madhya Pradesh S.E.B,Rajasthan S.E.B,83.86
1992,Punjab S.E.B,Rajasthan S.E.B,259.95
1992,Uttar Pradesh S.E.B,Rajasthan S.E.B,31.55
1992,Bhutan,Sikkim,17
1992,Assam S.E.B.,Tripura,2.01
1992,Himachal Pradesh S.E.B.,Uttar Pradesh S.E.B,5.23
1992,Madhya Pradesh S.E.B,Uttar Pradesh S.E.B,0.99
1992,Punjab S.E.B,Uttar Pradesh S.E.B,5.53
1992,Rajasthan S.E.B,Uttar Pradesh S.E.B,46.37
1992,Bhutan,West Bengal S.E.B,341
1992,Assam S.E.B.,West Bengal S.E.B,32.07
1992,Damodar Valley Corp.,West Bengal S.E.B & Damodar Project Limited,765.7
1993,Goa,Andhra Pradesh S.E.B.,101.59
1993,Madhya Pradesh S.E.B,Andhra Pradesh S.E.B.,32.09
1993,Maharashtra  S.E.B,Andhra Pradesh S.E.B.,345.61
1993,Bhutan,Assam S.E.B.,32.26
1993,Damodar Valley Corp.,Assam S.E.B.,24.06
1993,Meghalaya S.E.B,Assam S.E.B.,319.88
1993,Tripura,Assam S.E.B.,3.51
1993,West Bengal S.E.B,Assam S.E.B.,73.62
1993,Assam S.E.B.,Bhutan,5.09
1993,Assam S.E.B.,Bihar S. E. B.,3.46
1993,Bhutan,Bihar S. E. B.,723.89
1993,Damodar Valley Corp.,Bihar S. E. B.,2174.21
1993,Nepal & Gandak Project,Bihar S. E. B.,42.26
1993,Orissa S.E.B,Bihar S. E. B.,214.25
1993,West Bengal S.E.B,Bihar S. E. B.,21.07
1993,Punjab S.E.B,Chandigarh,15.88
1993,Rajasthan S.E.B,Chandigarh,2.55
1993,Haryana S.E.B,Delhi Electricity Supply Undertaking,6.15
1993,Himachal Pradesh S.E.B.,Delhi Electricity Supply Undertaking,220.15
1993,Punjab S.E.B,Delhi Electricity Supply Undertaking,11.03
1993,Rajasthan S.E.B,Delhi Electricity Supply Undertaking,3.06
1993,Uttar Pradesh S.E.B,Delhi Electricity Supply Undertaking,8.31
1993,West Bengal S.E.B,Durgapur Project Limited,137.9
1993,Bhutan,Damodar Valley Corp.,327.33
1993,Gujarat S.E.B,Dadra & Nagar Haveli,4
1993,Bihar S.E.B.,Damodar Valley Corp.,14.76
1993,D.P.L,Damodar Valley Corp.,135.9
1993,N.T.P.C,Damodar Valley Corp.,347.4
1993,Orissa S.E.B,Damodar Valley Corp.,29.66
1993,West Bengal S.E.B,Damodar Valley Corp.,768.56
1993,Damodar Valley Corp.,F.C.I,21.1
1993,Karnataka S.E.B.,Goa,0.02
1993,Maharashtra  S.E.B,Goa,0.08
1993,Chandigarh,Haryana S.E.B.,1.06
1993,Himachal Pradesh S.E.B.,Haryana S.E.B.,62.45
1993,Punjab S.E.B,Haryana S.E.B.,21.19
1993,Rajasthan S.E.B,Haryana S.E.B.,7.98
1993,Delhi Electricity Supply Undertaking,Himachal Pradesh S.E.B,0.44
1993,Haryana S.E.B,Himachal Pradesh S.E.B,18.22
1993,Punjab S.E.B,Himachal Pradesh S.E.B,52.88
1993,Uttar Pradesh S.E.B,Himachal Pradesh S.E.B,291.06
1993,Punjab S.E.B,J&K S.E.B,1.91
1993,Maharashtra  S.E.B,Karnataka S.E.B.,0.18
1993,Andhra Pradesh S.E.B.,Karnataka S.E.B.,28.12
1993,Kerala S.E.B.,Karnataka S.E.B.,1.14
1993,Damodar Valley Corp.,Licencees in West Bengal,837.95
1993,Rajasthan S.E.B,Madhya Pradesh S.E.B,207.33
1993,Uttar Pradesh S.E.B,Madhya Pradesh S.E.B,44.03
1993,Maharashtra  S.E.B,Madhya Pradesh S.E.B,50.38
1993,Goa,Maharashtra  S.E.B,9.93
1993,Gujarat S.E.B,Maharashtra  S.E.B,62
1993,Uttar Pradesh S.E.B,Maharashtra  S.E.B,30.16
1993,Nagaland,Manipur,0.36
1993,Tripura,Mizoram,2.05
1993,Bihar S.E.B.,Nepal,19.3
1993,Tanakpur CGP,Nepal,20
1993,Uttar Pradesh S.E.B,Nepal,56.8
1993,Assam S.E.B.,Orissa S.E.B,4.67
1993,Bhutan,Orissa S.E.B,334.76
1993,Damodar Valley Corp.,Orissa S.E.B,261.77
1993,Madhya Pradesh S.E.B,Orissa S.E.B,46.41
1993,West Bengal S.E.B,Orissa S.E.B,161.59
1993,Andhra Pradesh S.E.B.,Pondicherry,17.97
1993,Kerala S.E.B.,Pondicherry,141.97
1993,Tamil Nadu S.E.B,Pondicherry,134.55
1993,Chandigarh,Punjab S.E.B,1.07
1993,Himachal Pradesh S.E.B.,Punjab S.E.B,100.04
1993,Uttar Pradesh S.E.B,Punjab S.E.B,36.68
1993,Himachal Pradesh S.E.B.,Rajasthan S.E.B,119.57
1993,Madhya Pradesh S.E.B,Rajasthan S.E.B,19.67
1993,Punjab S.E.B,Rajasthan S.E.B,626.45
1993,Uttar Pradesh S.E.B,Rajasthan S.E.B,5.9
1993,Bhutan,Sikkim,11.05
1993,Kerala S.E.B.,Tamil Nadu S.E.B,10.89
1993,Assam S.E.B.,Tripura,1.9
1993,Himachal Pradesh S.E.B.,Uttar Pradesh S.E.B,8.85
1993,Madhya Pradesh S.E.B,Uttar Pradesh S.E.B,0.23
1993,Rajasthan S.E.B,Uttar Pradesh S.E.B,15.16
1993,Assam S.E.B.,West Bengal S.E.B,0.42
1993,Bhutan,West Bengal S.E.B,75.42
1993,Damodar Valley Corp.,West Bengal S.E.B & Damodar Project Limited,670.95
1994,Goa,Andhra Pradesh S.E.B.,46.5
1994,Madhya Pradesh S.E.B,Andhra Pradesh S.E.B.,109.6
1994,Maharashtra  S.E.B,Andhra Pradesh S.E.B.,163
1994,Orissa S.E.B,Andhra Pradesh S.E.B.,74.8
1994,West Bengal S.E.B,Andhra Pradesh S.E.B.,75.5
1994,West Bengal S.E.B,Arunachal Pradesh,1.7
1994,Meghalaya S.E.B,Assam S.E.B.,114.56
1994,Assam S.E.B.,Bihar S. E. B.,14.5
1994,Bhutan,Bihar S. E. B.,664.74
1994,Damodar Valley Corp.,Bihar S. E. B.,1539.23
1994,Nepal & Gandak Project,Bihar S. E. B.,26.38
1994,Orissa S.E.B,Bihar S. E. B.,264.53
1994,West Bengal S.E.B,Bihar S. E. B.,108.4
1994,Punjab S.E.B.,Chandigarh,7.26
1994,Rajasthan S.E.B,Chandigarh,48.92
1994,Himachal Pradesh S.E.B.,Delhi Electricity Supply Undertaking,257.1
1994,Punjab S.E.B.,Delhi Electricity Supply Undertaking,16.76
1994,Rajasthan S.E.B,Delhi Electricity Supply Undertaking,22.44
1994,Bhutan,Damodar Valley Corp.,397.02
1994,Gujarat S.E.B,Dadra & Nagar Haveli,3.69
1994,Bihar S.E.B.,Damodar Valley Corp.,206.6
1994,N.T.P.C.,Damodar Valley Corp.,391.53
1994,Orissa S.E.B,Damodar Valley Corp.,23.95
1994,West Bengal S.E.B,Damodar Valley Corp.,1079.36
1994,Damodar Valley Corp.,F.C.T.,34.34
1994,Chandigarh,Haryana S.E.B.,1.07
1994,Himachal Pradesh S.E.B.,Haryana S.E.B.,121.98
1994,Rajasthan S.E.B,Haryana S.E.B.,9.97
1994,Haryana S.E.B,Himachal Pradesh S.E.B,60.48
1994,Punjab S.E.B.,Himachal Pradesh S.E.B,53.01
1994,Uttar Pradesh S.E.B,Himachal Pradesh S.E.B,342.1
1994,Andhra Pradesh S.E.B.,Karnataka S.E.B.,0.52
1994,Damodar Valley Corp.,Licencees in West Bengal,873.1
1994,Uttar Pradesh S.E.B,Madhya Pradesh S.E.B,47.89
1994,Andhra Pradesh S.E.B.,Madhya Pradesh S.E.B,14.98
1994,Maharashtra  S.E.B,Madhya Pradesh S.E.B,40.16
1994,Goa,Maharashtra  S.E.B,5.21
1994,Nagaland,Manipur,0.06
1994,West Bengal S.E.B,Manipur,14.6
1994,West Bengal S.E.B,Meghalaya S.E.B,10
1994,Assam S.E.B.,Mizoram,1.01
1994,Meghalaya S.E.B,Mizoram,2.49
1994,West Bengal S.E.B,Mizoram,4.1
1994,Rajasthan S.E.B,Madhya Pradesh S.E.B,168.4
1994,West Bengal S.E.B,Nagaland,6.4
1994,Bihar S.E.B.,Nepal,56.91
1994,Damodar Valley Corp.,Orissa S.E.B,292.92
1994,Andhra Pradesh S.E.B.,Orissa S.E.B,19.71
1994,Assam S.E.B.,Orissa S.E.B,8.4
1994,Bhutan,Orissa S.E.B,229.82
1994,Madhya Pradesh S.E.B,Orissa S.E.B,24.6
1994,West Bengal S.E.B,Orissa S.E.B,54.5
1994,Andhra Pradesh S.E.B.,Pondicherry,18.75
1994,Kerala S.E.B.,Pondicherry,18.04
1994,Tamil Nadu S.E.B,Pondicherry,158.99
1994,Himachal Pradesh S.E.B.,Punjab S.E.B,162.52
1994,Chandigarh,Punjab S.E.B,1.08
1994,Madhya Pradesh S.E.B,Rajasthan S.E.B,32.3
1994,Punjab S.E.B.,Rajasthan S.E.B,447.51
1994,Himachal Pradesh S.E.B.,Rajasthan S.E.B,204.85
1994,Orissa S.E.B,Assam S.E.B,50.7
1994,West Bengal S.E.B,Assam S.E.B,254.4
1994,Damodar Valley Corp.,Assam S.E.B,16.1
1994,Bhutan,Sikkim,6.29
1994,Kerala S.E.B.,Tamil Nadu S.E.B,53.24
1994,Assam S.E.B.,Tripura,12.96
1994,West Bengal S.E.B,Tripura,0.4
1994,Himachal Pradesh S.E.B.,Uttar Pradesh S.E.B,42.94
1994,Assam S.E.B.,West Bengal S.E.B,0.8
1994,Bhutan,West Bengal S.E.B,155.75
1994,D.P.L.,West Bengal S.E.B,608.74
1994,Damodar Valley Corp.,West Bengal S.E.B & Damodar Project Limited,1060.75
1995,Goa,Andhra Pradesh S.E.B.,20.2
1995,Gujarat S.E.B,Andhra Pradesh S.E.B.,11.5
1995,Madhya Pradesh S.E.B,Andhra Pradesh S.E.B.,23.2
1995,Maharashtra  S.E.B,Andhra Pradesh S.E.B.,54.7
1995,Orissa S.E.B,Andhra Pradesh S.E.B.,212.64
1995,West Bengal S.E.B,Andhra Pradesh S.E.B.,372.4
1995,Assam S.E.B.,Arunachal Pradesh,0.57
1995,Meghalaya S.E.B,Assam S.E.B.,225.61
1995,Orissa S.E.B,Assam S.E.B.,99.5
1995,West Bengal S.E.B,Assam S.E.B.,193.9
1995,Assam S.E.B.,Bihar S. E. B.,21.6
1995,Bhutan,Bihar S. E. B.,631.8
1995,Damodar Valley Corp.,Bihar S. E. B.,1495.29
1995,Nepal & Gandak Project,Bihar S. E. B.,63.3
1995,Uttar Pradesh S.E.B,Bihar S. E. B.,18.86
1995,West Bengal S.E.B,Bihar S. E. B.,18.57
1995,Himachal Pradesh S.E.B.,Chandigarh,98.58
1995,Punjab S.E.B,Chandigarh,1.17
1995,Haryana S.E.B,Delhi Electricity Supply Undertaking,5.41
1995,Himachal Pradesh S.E.B.,Delhi Electricity Supply Undertaking,52
1995,Punjab S.E.B,Delhi Electricity Supply Undertaking,12.14
1995,Bhutan,Damodar Valley Corp.,290.1
1995,Gujarat S.E.B,Dadra & Nagar Haveli,3.77
1995,Bihar S.E.B.,Damodar Valley Corp.,254.48
1995,Orissa S.E.B,Damodar Valley Corp.,83.31
1995,West Bengal S.E.B,Damodar Valley Corp.,915.31
1995,Damodar Valley Corp.,F.C.I,40.93
1995,Karnataka S.E.B.,Goa,0.1
1995,Himachal Pradesh S.E.B.,Haryana S.E.B.,159.29
1995,Chandigarh,Himachal Pradesh S.E.B,0.61
1995,J&K S.E.B.,Himachal Pradesh S.E.B,5.36
1995,Punjab S.E.B,Himachal Pradesh S.E.B,52.9
1995,Uttar Pradesh S.E.B,Himachal Pradesh S.E.B,458.1
1995,Maharashtra  S.E.B,Karnataka S.E.B.,300.3
1995,Tamil Nadu S.E.B,Karnataka S.E.B.,8.22
1995,Damodar Valley Corp.,Licencees in West Bengal,825.51
1995,Rajasthan S.E.B,Madhya Pradesh S.E.B,322.11
1995,Uttar Pradesh S.E.B,Madhya Pradesh S.E.B,44.77
1995,Andhra Pradesh S.E.B.,Madhya Pradesh S.E.B,2.2
1995,Maharashtra  S.E.B,Madhya Pradesh S.E.B,1.87
1995,Madhya Pradesh S.E.B,Maharashtra  S.E.B,52
1995,Assam S.E.B.,Manipur,11.82
1995,Assam S.E.B.,Mizoram,2.75
1995,Meghalaya S.E.B,Mizoram,5.6
1995,Assam S.E.B.,Nagaland,5.35
1995,Meghalaya S.E.B,Nagaland,14.37
1995,Bihar S.E.B.,Nepal,50
1995,Andhra Pradesh S.E.B.,Orissa S.E.B,118.94
1995,Bhutan,Orissa S.E.B,257.7
1995,Damodar Valley Corp.,Orissa S.E.B,150.53
1995,Andhra Pradesh S.E.B.,Pondicherry,22.07
1995,Tamil Nadu S.E.B,Pondicherry,197
1995,Chandigarh,Punjab S.E.B,1.95
1995,Himachal Pradesh S.E.B.,Punjab S.E.B,457.3
1995,Himachal Pradesh S.E.B.,Rajasthan S.E.B,39.49
1995,Madhya Pradesh S.E.B,Rajasthan S.E.B,106.77
1995,Punjab S.E.B,Rajasthan S.E.B,309.54
1995,Bhutan,Sikkim,6.1
1995,Assam S.E.B.,Tripura,1.53
1995,Himachal Pradesh S.E.B.,Uttar Pradesh S.E.B,79.37
1995,Punjab S.E.B,Uttar Pradesh S.E.B,17.14
1995,Bhutan,West Bengal S.E.B,323.1
1995,Sikkim,West Bengal S.E.B,0.03
1995,D.P.L,West Bengal S.E.B,508.76
1995,Damodar Valley Corp.,West Bengal S.E.B & Damodar Project Limited,1364.83
1996,GRIDCO,Andhra Pradesh S.E.B.,212.64
1996,Karnataka S.E.B.,Andhra Pradesh S.E.B.,2.72
1996,Madhya Pradesh S.E.B,Andhra Pradesh S.E.B.,7.83
1996,West Bengal S.E.B,Andhra Pradesh S.E.B.,77.83
1996,GRIDCO,Assam S.E.B.,138.5
1996,Meghalaya S.E.B,Assam S.E.B.,155.3
1996,West Bengal S.E.B,Assam S.E.B.,177.79
1996,Bhutan,Bihar S. E. B.,520.24
1996,Damodar Valley Corp.,Bihar S. E. B.,1546.07
1996,Nepal & Gandak Project,Bihar S. E. B.,110.24
1996,West Bengal S.E.B,Bihar S. E. B.,17.65
1996,Himachal Pradesh S.E.B.,Chandigarh,8.16
1996,Bhutan,Damodar Valley Corp.,259.4
1996,Bihar S.E.B.,Damodar Valley Corp.,307.34
1996,GRIDCO,Damodar Valley Corp.,92.43
1996,West Bengal S.E.B,Damodar Valley Corp.,832.52
1996,Haryana S.E.B,Delhi Vidyut Board,4.3
1996,Damodar Valley Corp.,F.C.I,6.43
1996,Karnataka S.E.B.,Goa,0.03
1996,Maharashtra  S.E.B,Goa,0.07
1996,Andhra Pradesh S.E.B.,GRIDCO,107.54
1996,Bhutan,GRIDCO,249.7
1996,Damodar Valley Corp.,GRIDCO,103.78
1996,Maharashtra  S.E.B,Gujarat S.E.B,474
1996,Chandigarh,Haryana S.E.B.,1.4
1996,Himachal Pradesh S.E.B.,Haryana S.E.B.,222.47
1996,J&K S.E.B.,Haryana S.E.B.,1.1
1996,J&K S.E.B.,Haryana S.E.B.,17.25
1996,Punjab S.E.B,Haryana S.E.B.,1.17
1996,Delhi Vidyut Board,Himachal Pradesh S.E.B,0.74
1996,Punjab S.E.B,Himachal Pradesh S.E.B,84.83
1996,Uttar Pradesh S.E.B,Himachal Pradesh S.E.B,418.15
1996,Andhra Pradesh S.E.B.,Karnataka S.E.B.,15.27
1996,Kerala S.E.B.,Karnataka S.E.B.,0.25
1996,Maharashtra  S.E.B,Karnataka S.E.B.,702.18
1996,Damodar Valley Corp.,Licencees in West Bengal,869.16
1996,Rajasthan S.E.B,Madhya Pradesh S.E.B,306.45
1996,Uttar Pradesh S.E.B,Madhya Pradesh S.E.B,47.37
1996,Andhra Pradesh S.E.B.,Madhya Pradesh S.E.B,40.48
1996,Maharashtra  S.E.B,Madhya Pradesh S.E.B,34.46
1996,Goa,Maharashtra  S.E.B,14.51
1996,Madhya Pradesh S.E.B,Maharashtra  S.E.B,2.54
1996,Assam S.E.B.,Manipur,22.76
1996,Nagaland,Manipur,0.06
1996,Assam S.E.B.,Mizoram,7.85
1996,Meghalaya S.E.B,Mizoram,2.94
1996,Assam S.E.B.,Nagaland,9.26
1996,Meghalaya S.E.B,Nagaland,13.09
1996,Bihar S.E.B.,Nepal,83.99
1996,Andhra Pradesh S.E.B.,Pondicherry,32.64
1996,Kerala S.E.B.,Pondicherry,19.47
1996,Tamil Nadu S.E.B,Pondicherry,207
1996,Chandigarh,Punjab S.E.B,0.02
1996,Delhi Vidyut Board,Punjab S.E.B,15.23
1996,Haryana S.E.B,Punjab S.E.B,3.83
1996,Himachal Pradesh S.E.B.,Punjab S.E.B,16.24
1996,Rajasthan S.E.B,Punjab S.E.B,7.08
1996,Haryana S.E.B,Rajasthan S.E.B,0.48
1996,Himachal Pradesh S.E.B.,Rajasthan S.E.B,456.42
1996,Punjab S.E.B,Rajasthan S.E.B,320.11
1996,Bhutan,Sikkim,16.3
1996,Haryana S.E.B,Uttar Pradesh S.E.B,7.8
1996,Himachal Pradesh S.E.B.,Uttar Pradesh S.E.B,29.17
1996,Uttar Pradesh S.E.B,Uttar Pradesh S.E.B,39.1
1996,Bhutan,West Bengal S.E.B,421.6
1996,D.P.L,West Bengal S.E.B,595.27
1996,Sikkim,West Bengal S.E.B,0.2
1996,Damodar Valley Corp.,West Bengal S.E.B & Damodar Project Limited,1359.76
1997,Karnataka S.E.B.,Andhra Pradesh S.E.B.,4.02
1997,Madhya Pradesh S.E.B,Andhra Pradesh S.E.B.,2.6
1997,Maharashtra  S.E.B,Andhra Pradesh S.E.B.,61.84
1997,Meghalaya S.E.B,Assam S.E.B.,219.61
1997,West Bengal S.E.B,Bhutan,1
1997,Bhutan,Bihar S. E. B.,467.1
1997,Damodar Valley Corp.,Bihar S. E. B.,1390.93
1997,Nepal & Gandak Project,Bihar S. E. B.,57.46
1997,West Bengal S.E.B,Bihar S. E. B.,19.02
1997,Himachal Pradesh S.E.B.,Chandigarh,0.24
1997,Bhutan,Damodar Valley Corp.,256.2
1997,Bihar S.E.B.,Damodar Valley Corp.,103.15
1997,GRIDCO,Damodar Valley Corp.,75.73
1997,West Bengal S.E.B,Damodar Valley Corp.,785.2
1997,Punjab S.E.B,Delhi Vidyut Board,48.23
1997,Damodar Valley Corp.,GRIDCO,130.6
1997,Andhra Pradesh S.E.B.,GRIDCO,116.15
1997,Bhutan,GRIDCO,204.8
1997,Maharashtra  S.E.B,Gujarat S.E.B,336.09
1997,Haryana S.E.B,Himachal Pradesh S. E. B.,32.55
1997,Himachal Pradesh S.E.B.,Haryana S.E.B.,157.9
1997,Punjab S.E.B,Haryana S.E.B.,168.55
1997,Delhi Vidyut Board,Himachal Pradesh S.E.B,0.62
1997,Punjab S.E.B,Himachal Pradesh S.E.B,212.1
1997,Uttar Pradesh S.E.B,Himachal Pradesh S.E.B,481.9
1997,Himachal Pradesh S.E.B.,J&K S.E.B,14.18
1997,Punjab S.E.B,J&K S.E.B,106.66
1997,Andhra Pradesh S.E.B.,Karnataka S.E.B.,32.73
1997,Maharashtra  S.E.B,Karnataka S.E.B.,183.91
1997,Karnataka S.E.B.,Kerala S.E.B.,0.2
1997,Damodar Valley Corp.,Licencees in West Bengal,839
1997,Andhra Pradesh S.E.B.,Madhya Pradesh S.E.B,2.28
1997,Maharashtra  S.E.B,Madhya Pradesh S.E.B,7.37
1997,Rajasthan S.E.B,Madhya Pradesh S.E.B,458.29
1997,Uttar Pradesh S.E.B,Madhya Pradesh S.E.B,43.73
1997,Madhya Pradesh S.E.B,Maharashtra  S.E.B,35.83
1997,Assam S.E.B.,Manipur,1.6
1997,Meghalaya S.E.B,Manipur,2.37
1997,Nagaland,Manipur,0.07
1997,Assam S.E.B.,Mizoram,0.87
1997,Meghalaya S.E.B,Mizoram,4.5
1997,Damodar Valley Corp.,N.T.P.C,13.67
1997,Assam S.E.B.,Nagaland,2.06
1997,Meghalaya S.E.B,Nagaland,10.07
1997,Bihar S.E.B.,Nepal,300.43
1997,Uttar Pradesh S.E.B,Nepal,20
1997,Andhra Pradesh S.E.B.,Pondicherry,27.61
1997,Kerala S.E.B.,Pondicherry,20.61
1997,Tamil Nadu S.E.B,Pondicherry,198.06
1997,Himachal Pradesh S.E.B.,Punjab S.E.B,436.73
1997,J&K S.E.B.,Punjab S.E.B,21.29
1997,Delhi Vidyut Board,Rajasthan S.E.B,139.45
1997,Himachal Pradesh S.E.B.,Rajasthan S.E.B,80.72
1997,Madhya Pradesh S.E.B,Rajasthan S.E.B,79.63
1997,Punjab S.E.B,Rajasthan S.E.B,236.91
1997,Bhutan,Sikkim,12.6
1997,Maharashtra  S.E.B,Tamil Nadu S.E.B,8.58
1997,Assam S.E.B.,Tripura,0.86
1997,Meghalaya S.E.B,Tripura,4.16
1997,Himachal Pradesh S.E.B.,Uttar Pradesh S.E.B,31.69
1997,Punjab S.E.B,Uttar Pradesh S.E.B,181.55
1997,Bhutan,West Bengal S.E.B,386.5
1997,D.P.L,West Bengal S.E.B,505.72
1997,Sikkim,West Bengal S.E.B,0.2
1997,Damodar Valley Corp.,West Bengal S.E.B & Damodar Project Limited,1448.13
1998,Gujarat S.E.B,Andhra Pradesh Transco.,51.94
1998,Madhya Pradesh S.E.B,Andhra Pradesh Transco.,51.44
1998,Maharashtra  S.E.B,Andhra Pradesh Transco.,300.42
1998,Karnataka S.E.B.,Andhra Pradesh Transco.,2.9
1998,Meghalaya S.E.B,Assam S.E.B.,147.24
1998,West Bengal S.E.B,Bhutan,1
1998,Bhutan,Bihar S. E. B.,431.9
1998,Damodar Valley Corp.,Bihar S. E. B.,1471.94
1998,Nepal & Gandak Project,Bihar S. E. B.,57.98
1998,West Bengal S.E.B,Bihar S. E. B.,16
1998,Bhutan,Damodar Valley Corp.,177.2
1998,Bihar S.E.B.,Damodar Valley Corp.,81.39
1998,GRIDCO,Damodar Valley Corp.,38.07
1998,West Bengal S.E.B,Damodar Valley Corp.,789.53
1998,Andhra Pradesh Transco.,GRIDCO,94.72
1998,Bhutan,GRIDCO,243
1998,Damodar Valley Corp.,GRIDCO,140.54
1998,Maharashtra  S.E.B,Gujarat S.E.B,0.6
1998,Haryana S.E.B,Himachal Pradesh S. E. B.,31.86
1998,Delhi Vidyut Board,Haryana S.E.B.,53.7
1998,Himachal Pradesh S.E.B.,Haryana S.E.B.,100.01
1998,Punjab S.E.B.,Haryana S.E.B.,157.18
1998,Punjab S.E.B.,Himachal Pradesh S.E.B,136.38
1998,Uttar Pradesh S.E.B,Himachal Pradesh S.E.B,551.83
1998,Punjab S.E.B.,J&K S.E.B,98.22
1998,Andhra Pradesh Transco.,Karnataka S.E.B.,19.16
1998,Goa,Karnataka S.E.B.,44
1998,Kerala S.E.B.,Karnataka S.E.B.,0.23
1998,Maharashtra  S.E.B,Karnataka S.E.B.,820.85
1998,Karnataka S.E.B.,Kerala S.E.B.,4.15
1998,Damodar Valley Corp.,Licencees in West Bengal,714.94
1998,Andhra Pradesh Transco.,Madhya Pradesh S.E.B,0.87
1998,Maharashtra  S.E.B,Madhya Pradesh S.E.B,0.59
1998,Punjab SEB,Madhya Pradesh S.E.B,233.28
1998,Rajasthan S.E.B,Madhya Pradesh S.E.B,436.36
1998,Uttar Pradesh S.E.B,Madhya Pradesh S.E.B,21.55
1998,Madhya Pradesh S.E.B,Maharashtra  S.E.B,1.02
1998,Meghalaya S.E.B,Manipur,4.5
1998,Tripura,Mizoram,53.44
1998,Damodar Valley Corp.,N.T.P.C.,24.86
1998,Bihar S.E.B.,Nepal,229.5
1998,Uttar Pradesh S.E.B,Nepal,39.59
1998,Andhra Pradesh Transco.,Pondicherry,24
1998,Kerala S.E.B.,Pondicherry,20.73
1998,Tamil Nadu S.E.B,Pondicherry,205
1998,Himachal Pradesh S.E.B.,Punjab S.E.B,199.61
1998,J&K S.E.B.,Punjab S.E.B,105.98
1998,Rajasthan S.E.B,Punjab S.E.B,22.78
1998,Madhya Pradesh S.E.B,Rajasthan S.E.B,89.97
1998,Uttar Pradesh S.E.B,Rajasthan S.E.B,130.23
1998,Himachal Pradesh S.E.B.,Rajasthan S.E.B,126.22
1998,Punjab S.E.B.,Rajasthan S.E.B,521.29
1998,Bhutan,Sikkim,25.9
1998,Maharashtra  S.E.B,Tamil Nadu S.E.B,188.84
1998,Punjab SEB,Tamil Nadu S.E.B,181.12
1998,Rajasthan S.E.B,Uttar Pradesh S.E.B,15.6
1998,Bhutan,West Bengal S.E.B,448.8
1998,D.P.L.,West Bengal S.E.B,268.03
1998,Sikkim,West Bengal S.E.B,0.01
1998,Damodar Valley Corp.,West Bengal S.E.B & Damodar Project Limited,1573.1
1999,GRIDCO,Andhra Pradesh Transco.,565.92
1999,Gujarat S.E.B,Andhra Pradesh Transco.,47.53
1999,Maharashtra  S.E.B,Andhra Pradesh Transco.,140.27
1999,Meghalaya S.E.B,Assam S.E.B.,174.02
1999,Bhutan,Bihar S. E. B.,524.51
1999,Damodar Valley Corp.,Bihar S. E. B.,1592.81
1999,Nepal & Gandak Project,Bihar S. E. B.,42.05
1999,West Bengal S.E.B,Bihar S. E. B.,19.85
1999,Chandigarh,Delhi Vidyut Board,1.13
1999,Haryana S.E.B,Delhi Vidyut Board,6.38
1999,Himachal Pradesh S.E.B.,Delhi Vidyut Board,553.16
1999,J&K S.E.B.,Delhi Vidyut Board,15.9
1999,Punjab S.E.B,Delhi Vidyut Board,2.25
1999,Rajasthan S.E.B,Delhi Vidyut Board,18.02
1999,Uttar Pradesh S.E.B,Delhi Vidyut Board,10.65
1999,Bhutan,Damodar Valley Corp.,195.22
1999,Bihar S.E.B.,Damodar Valley Corp.,112.55
1999,GRIDCO,Damodar Valley Corp.,71.9
1999,West Bengal S.E.B,Damodar Valley Corp.,733.79
1999,Andhra Pradesh Transco.,GRIDCO,131.94
1999,Bhutan,GRIDCO,153.28
1999,Damodar Valley Corp.,GRIDCO,186.37
1999,Haryana S.E.B,Himachal Pradesh S. E. B.,44.05
1999,Delhi Vidyut Board,Haryana S.E.B.,217.55
1999,Himachal Pradesh S.E.B.,Haryana S.E.B.,91.74
1999,J&K S.E.B.,Haryana S.E.B.,3.1
1999,Punjab S.E.B,Haryana S.E.B.,147.83
1999,Punjab S.E.B,Himachal Pradesh S.E.B,201.55
1999,Uttar Pradesh S.E.B,Himachal Pradesh S.E.B,434.31
1999,Punjab S.E.B,J&K S.E.B,115.3
1999,Andhra Pradesh Transco.,Karnataka S.E.B.,31.78
1999,Maharashtra  S.E.B,Karnataka S.E.B.,467.43
1999,Maharashtra  S.E.B,Kerala S.E.B.,28.97
1999,Damodar Valley Corp.,Licencees in West Bengal,762.49
1999,Andhra Pradesh Transco.,Madhya Pradesh S.E.B,1.53
1999,Maharashtra  S.E.B,Madhya Pradesh S.E.B,0.54
1999,Rajasthan S.E.B,Madhya Pradesh S.E.B,468.33
1999,Uttar Pradesh S.E.B,Madhya Pradesh S.E.B,37.58
1999,Madhya Pradesh S.E.B,Maharashtra  S.E.B,1.13
1999,Meghalaya S.E.B,Manipur,9.5
1999,Tripura,Mizoram,49.92
1999,Damodar Valley Corp.,N.T.P.C,28.84
1999,Bihar S.E.B.,Nepal,187.48
1999,Tanakpur CGP,Nepal,13.34
1999,Andhra Pradesh Transco.,Pondicherry,24
1999,Kerala S.E.B.,Pondicherry,22.68
1999,Tamil Nadu S.E.B,Pondicherry,196
1999,J&K S.E.B.,Punjab S.E.B,153.1
1999,Himachal Pradesh S.E.B.,Rajasthan S.E.B,0.9
1999,Madhya Pradesh S.E.B,Rajasthan S.E.B,17.33
1999,Punjab S.E.B,Rajasthan S.E.B,142.44
1999,Bhutan,Sikkim,28.23
1999,Maharashtra  S.E.B,Tamil Nadu S.E.B,6.83
1999,Punjab S.E.B,Tamil Nadu S.E.B,82.42
1999,Bhutan,West Bengal S.E.B,596.79
1999,Durgapur Project Limited,West Bengal S.E.B,467.49
1999,GRIDCO,West Bengal S.E.B,14.42
1999,Damodar Valley Corp.,West Bengal S.E.B & Damodar Project Limited,1412.94
2000,Karnataka S.E.B.,Andhra Pradesh Transco.,2.14
2000,Punjab SEB,Andhra Pradesh Transco.,59.78
2000,GRIDCO,Andhra Pradesh Transco.,875.61
2000,Maharashtra  S.E.B,Andhra Pradesh Transco.,23.81
2000,Madhya Pradesh S.E.B,Andhra Pradesh Transco.,46.76
2000,Meghalaya S.E.B,Assam S.E.B.,169.21
2000,Bhutan,Bihar S. E. B.,465.51
2000,Damodar Valley Corp.,Bihar S. E. B.,1742.96
2000,Nepal & Gandak Project,Bihar S. E. B.,107.09
2000,West Bengal S.E.B,Bihar S. E. B.,0.2
2000,Himachal Pradesh S.E.B.,Delhi Vidyut Board,414.12
2000,Bhutan,Damodar Valley Corp.,149.95
2000,Bihar S.E.B.,Damodar Valley Corp.,172.33
2000,GRIDCO,Damodar Valley Corp.,24.35
2000,West Bengal S.E.B,Damodar Valley Corp.,612.71
2000,Maharashtra  S.E.B,Gujarat S.E.B,50.14
2000,Punjab S.E.B.,Gujarat S.E.B,42.33
2000,Karnataka S.E.B.,Goa,0.04
2000,Andhra Pradesh Transco.,GRIDCO,131.75
2000,Bhutan,GRIDCO,241.93
2000,Damodar Valley Corp.,GRIDCO,287.22
2000,Haryana V.P.N,Himachal Pradesh S. E. B.,33.2
2000,Delhi Vidyut Board,Haryana S.E.B.,215.09
2000,Himachal Pradesh S.E.B.,Haryana S.E.B.,74.57
2000,Punjab S.E.B.,Haryana S.E.B.,101.26
2000,Punjab S.E.B.,Himachal Pradesh S.E.B,151.98
2000,Uttar Pradesh S.E.B,Himachal Pradesh S.E.B,454.61
2000,Punjab S.E.B.,J&K S.E.B,167.12
2000,Andhra Pradesh Transco.,Karnataka S.E.B.,12.71
2000,Goa,Karnataka S.E.B.,34.41
2000,Kerala S.E.B.,Karnataka S.E.B.,0.28
2000,Maharashtra  S.E.B,Karnataka S.E.B.,101.2
2000,Damodar Valley Corp.,Licencees in West Bengal,728.78
2000,Andhra Pradesh Transco.,Madhya Pradesh S.E.B,3.2
2000,Maharashtra  S.E.B,Madhya Pradesh S.E.B,0.73
2000,Rajasthan S.E.B,Madhya Pradesh S.E.B,554.62
2000,Uttar Pradesh S.E.B,Madhya Pradesh S.E.B,42.91
2000,Madhya Pradesh S.E.B,Maharashtra  S.E.B,0.96
2000,Tripura,Mizoram,26
2000,Damodar Valley Corp.,N.T.P.C.,31.38
2000,Bihar S.E.B.,Nepal,132.59
2000,Tanakpur CGP,Nepal,62.69
2000,Kerala S.E.B.,Pondicherry,25.68
2000,Tamil Nadu S.E.B,Pondicherry,202
2000,Himachal Pradesh S.E.B.,Punjab S.E.B,128.4
2000,J&K S.E.B.,Punjab S.E.B,170.44
2000,Madhya Pradesh S.E.B,Punjab S.E.B,45.2
2000,Madhya Pradesh S.E.B,Rajasthan S.E.B,70.43
2000,Punjab S.E.B.,Rajasthan S.E.B,232.53
2000,Bhutan,Sikkim,12.98
2000,Maharashtra  S.E.B,Tamil Nadu S.E.B,0.05
2000,Punjab SEB,Tamil Nadu S.E.B,23.97
2000,Pondicherry,Tamil Nadu S.E.B,106.13
2000,Bhutan,West Bengal S.E.B,520
2000,Durgapur Project Limited,West Bengal S.E.B,207.21
2000,GRIDCO,West Bengal S.E.B,17.2
2000,Sikkim,West Bengal S.E.B,0.02
2000,Damodar Valley Corp.,West Bengal S.E.B & Damodar Project Limited,1477.8
2001,Chattisgarh S.E.B,Andhra Pradesh Transco.,66.61
2001,GRIDCO,Andhra Pradesh Transco.,808.6
2001,Maharashtra  S.E.B,Andhra Pradesh Transco.,26.9
2001,Madhya Pradesh S.E.B,Andhra Pradesh Transco.,17.03
2001,Punjab S.E.B,Andhra Pradesh Transco.,16
2001,Meghalaya S.E.B,Assam S.E.B.,76.35
2001,Bhutan,Bihar S. E. B.,542.8
2001,Nepal & Gandak Project,Bihar S. E. B.,94.74
2001,Himachal Pradesh S.E.B.,Delhi Vidyut Board,561.68
2001,Uttaranchal Power Corporation,Delhi Vidyut Board,34.8
2001,Bhutan,Damodar Valley Corp.,186.4
2001,GRIDCO,Damodar Valley Corp.,55.55
2001,Jharkhand S.E.B.,Damodar Valley Corp.,113.86
2001,West Bengal S.E.B,Damodar Valley Corp.,585.77
2001,Chattisgarh S.E.B,Delhi Vidyut Board,67.84
2001,Chattisgarh S.E.B,Gujarat S.E.B,424.8
2001,Goa,Gujarat S.E.B,237.6
2001,Andhra Pradesh Transco.,GRIDCO,30.07
2001,Bhutan,GRIDCO,133.7
2001,Damodar Valley Corp.,GRIDCO,186.69
2001,Delhi Vidyut Board,Haryana S.E.B.,198.91
2001,Punjab S.E.B,Haryana S.E.B.,1.6
2001,Delhi Vidyut Board,Himachal Pradesh S.E.B,200.85
2001,Punjab S.E.B,Himachal Pradesh S.E.B,189.43
2001,Uttar Pradesh Powercop,Himachal Pradesh S.E.B,396.7
2001,Punjab S.E.B,J&K S.E.B,312.88
2001,Damodar Valley Corp.,Jharkhand S.E.B.,1994.53
2001,Maharashtra  S.E.B,Kerala S.E.B.,45.1
2001,Andhra Pradesh Transco.,Karnataka Power Transco,2.52
2001,Chattisgarh S.E.B,Karnataka Power Transco,297.28
2001,Goa,Karnataka Power Transco,82.65
2001,Kerala S.E.B.,Karnataka Power Transco,0.29
2001,Maharashtra  S.E.B,Karnataka Power Transco,0.59
2001,Damodar Valley Corp.,Licencees in West Bengal,774.96
2001,Andhra Pradesh Transco.,Madhya Pradesh S.E.B,8.81
2001,Maharashtra  S.E.B,Madhya Pradesh S.E.B,0.72
2001,Rajasthan S.E.B,Madhya Pradesh S.E.B,507.84
2001,Uttar Pradesh Powercop,Madhya Pradesh S.E.B,6.65
2001,Madhya Pradesh S.E.B,Maharashtra  S.E.B,1.17
2001,Tripura,Mizoram,26
2001,Damodar Valley Corp.,N.T.P.C,22.46
2001,Bihar S.E.B.,Nepal,184.92
2001,Tanakpur CGP,Nepal,47.29
2001,Kerala S.E.B.,Pondicherry,22.88
2001,Tamil Nadu S.E.B,Pondicherry,303.14
2001,Himachal Pradesh S.E.B.,Punjab S.E.B,122.41
2001,J&K S.E.B.,Punjab S.E.B,127.33
2001,Rajasthan S.E.B,Punjab S.E.B,36.65
2001,Uttar Pradesh Powercop,Punjab S.E.B,432.82
2001,Madhya Pradesh S.E.B,Rajasthan VPNL,58.68
2001,Punjab S.E.B,Rajasthan VPNL,48.78
2001,Bhutan,Sikkim,4.6
2001,West Bengal S.E.B,Sikkim,59.5
2001,Kerala S.E.B.,Tamil Nadu S.E.B,11.89
2001,Maharashtra  S.E.B,Tamil Nadu S.E.B,34.76
2001,Pondicherry,Tamil Nadu S.E.B,47.03
2001,Himachal Pradesh S.E.B.,Uttar Pradesh Power Corporation,10.53
2001,Bhutan,West Bengal S.E.B,555.8
2001,Damodar Valley Corp.,West Bengal S.E.B,1176.7
2001,Durgapur Project Limited,West Bengal S.E.B,350.11
2001,GRIDCO,West Bengal S.E.B,7.46
2002,Chattisgarh S.E.B,Andhra Pradesh Transco.,1.82
2002,GRIDCO,Andhra Pradesh Transco.,41.66
2002,Madhya Pradesh S.E.B,Andhra Pradesh Transco.,18.95
2002,Maharashtra  S.E.B,Andhra Pradesh Transco.,6.5
2002,Meghalaya S.E.B,Assam S.E.B.,17.36
2002,Bhutan,Bihar S. E. B.,424.67
2002,Chattisgarh S.E.B,Delhi Vidyut Board,1.19
2002,Himachal Pradesh S.E.B.,Delhi Vidyut Board,627.4
2002,West Bengal Power Development Corporation Limited,Delhi Vidyut Board,523.2
2002,Bhutan,Damodar Valley Corp.,282.34
2002,GRIDCO,Damodar Valley Corp.,2.51
2002,Jharkhand S.E.B.,Damodar Valley Corp.,153.55
2002,West Bengal S.E.B,Damodar Valley Corp.,471.31
2002,Uttar Pradesh Powercop,Delhi Vidyut Board,34.8
2002,Uttaranchal Power Corporation,Delhi Vidyut Board,775
2002,Chattisgarh S.E.B,Gujarat S.E.B,616.46
2002,Goa,Gujarat S.E.B,299.95
2002,Karnataka Power Transco,Goa,465
2002,Andhra Pradesh Transco.,GRIDCO,100.8
2002,Bhutan,GRIDCO,232.44
2002,Damodar Valley Corp.,GRIDCO,510.96
2002,West Bengal Power Development Corporation Limited,Haryana S.E.B.,303.8
2002,Delhi Vidyut Board,Haryana S.E.B.,138.2
2002,Himachal Pradesh S.E.B.,Haryana S.E.B.,141.3
2002,Punjab S.E.B,Haryana S.E.B.,4.8
2002,Uttaranchal Power Corporation,Haryana S.E.B.,31
2002,Punjab S.E.B,Himachal Pradesh S.E.B,221.79
2002,Uttar Pradesh Powercop,Himachal Pradesh S.E.B,82.1
2002,Uttaranchal Power Corporation,Himachal Pradesh S.E.B,384.6
2002,Punjab S.E.B,J&K S.E.B,237.94
2002,Damodar Valley Corp.,Jharkhand S.E.B.,2281.11
2002,Bhutan,Jharkhand S.E.B.,26.52
2002,Maharashtra  S.E.B,Kerala S.E.B.,3.2
2002,Chattisgarh S.E.B,Karnataka Power Transco,16.47
2002,Goa,Karnataka Power Transco,56.4
2002,Kerala S.E.B.,Karnataka Power Transco,0.33
2002,Maharashtra  S.E.B,Karnataka Power Transco,5.9
2002,West Bengal Power Development Corporation Limited,Karnataka Power Transco,2.9
2002,West Bengal Power Development Corporation Limited,Kerala S.E.B.,32.6
2002,Damodar Valley Corp.,Licencees in West Bengal,630.84
2002,Goa,Madhya Pradesh S.E.B,72.1
2002,Andhra Pradesh Transco.,Madhya Pradesh S.E.B,1.82
2002,Delhi Vidyut Board,Madhya Pradesh S.E.B,133.1
2002,Punjab S.E.B,Madhya Pradesh S.E.B,16.9
2002,Rajasthan S.E.B,Madhya Pradesh S.E.B,747.73
2002,Uttaranchal Power Corporation,Madhya Pradesh S.E.B,15.84
2002,Uttar Pradesh Powercop,Madhya Pradesh S.E.B,23.48
2002,West Bengal Power Development Corporation Limited,Madhya Pradesh S.E.B,220.8
2002,West Bengal Power Development Corporation Limited,Madhya Pradesh S.E.B,36.4
2002,Delhi Vidyut Board,Maharashtra  S.E.B,177.7
2002,Goa,Maharashtra  S.E.B,70.5
2002,Madhya Pradesh S.E.B,Maharashtra  S.E.B,1.41
2002,Uttaranchal Power Corporation,Maharashtra  S.E.B,9.74
2002,Tripura,Mizoram,37.44
2002,Damodar Valley Corp.,N.T.P.C,74.05
2002,Bihar S.E.B.,Nepal,102.03
2002,Tanakpur CGP,Nepal,72.95
2002,Kerala S.E.B.,Pondicherry,25.25
2002,Tamil Nadu S.E.B,Pondicherry,262.2
2002,Goa,Punjab S.E.B,33.2
2002,Himachal Pradesh S.E.B.,Punjab S.E.B,172.28
2002,J&K S.E.B.,Punjab S.E.B,194.8
2002,Uttaranchal Power Corporation,Punjab S.E.B,205.95
2002,Madhya Pradesh S.E.B,Rajasthan VPNL,8.9
2002,Punjab S.E.B,Rajasthan VPNL,34.2
2002,Uttaranchal Power Corporation,Rajasthan VPNL,18
2002,Bhutan,Sikkim,16.82
2002,West Bengal S.E.B,Sikkim,27.14
2002,Maharashtra  S.E.B,Tamil Nadu S.E.B,7.1
2002,Andhra Pradesh Transco.,Tamil Nadu S.E.B,107.29
2002,Kerala S.E.B.,Tamil Nadu S.E.B,114.94
2002,Punjab S.E.B,Uttar Pradesh Power Corporation,12.1
2002,Uttaranchal Power Corporation,Uttar Pradesh Power Corporation,19.2
2002,Punjab S.E.B,Uttaranchal Power Corporation,32.9
2002,Bhutan,West Bengal S.E.B,586.79
2002,Durgapur Project Limited,West Bengal S.E.B,335.95
2002,Damodar Valley Corp.,West Bengal S.E.B & Damodar Project Limited,1042.68
2003,Meghalaya S.E.B,Assam S.E.B.,7.72
2003,Bhutan,Bihar S. E. B.,473
2003,GRIDCO,Chandigarh,0.16
2003,Delhi Transco Limited ,Chhatisgarh S.E.B.,27.67
2003,Himachal Pradesh S.E.B.,Delhi Transco Limited,1052.36
2003,Bhutan,Damodar Valley Corp.,282
2003,GRIDCO,Damodar Valley Corp.,12.27
2003,Jharkhand S.E.B.,Damodar Valley Corp.,146.96
2003,West Bengal S.E.B,Damodar Valley Corp.,459.97
2003,Chattisgarh S.E.B,DNH,197.93
2003,Andhra Pradesh Transco.,Delhi Transco Limited,4.04
2003,Chattisgarh S.E.B,Delhi Transco Limited,28.46
2003,Goa,Delhi Transco Limited,140.76
2003,GRIDCO,Delhi Transco Limited,99.69
2003,Uttar Pradesh Powercop,Delhi Vidyut Board,367.71
2003,Tata Power,Delhi Vidyut Board,70.95
2003,Chattisgarh S.E.B,Gujarat S.E.B,604.31
2003,Delhi Transco Limited ,Gujarat S.E.B,132.93
2003,Uttaranchal Power Corporation,Gujarat S.E.B,66.14
2003,Andhra Pradesh Transco.,GRIDCO,52.61
2003,Bhutan,GRIDCO,251.55
2003,Damodar Valley Corp.,GRIDCO,490.26
2003,Delhi Transco Limited ,Haryana S.E.B.,514.96
2003,Himachal Pradesh S.E.B.,Haryana S.E.B.,306.12
2003,Uttaranchal Power Corporation,Haryana S.E.B.,22.14
2003,Delhi Transco Limited ,Himachal Pradesh S.E.B,27.87
2003,Punjab S.E.B.,Himachal Pradesh S.E.B,325.03
2003,Uttar Pradesh Powercop,Himachal Pradesh S.E.B,74.93
2003,Uttaranchal Power Corporation,Himachal Pradesh S.E.B,432.55
2003,GRIDCO,Haryana S.E.B.,5.53
2003,Delhi Transco Limited ,J&K  P.D.C.,100.1
2003,Punjab S.E.B.,J&K S.E.B,116.79
2003,Bhutan,Jharkhand S.E.B.,13.64
2003,Damodar Valley Corp.,Jharkhand S.E.B.,2459.65
2003,Delhi Transco Limited ,Jharkhand S.E.B.,9.01
2003,West Bengal S.E.B,Jharkhand S.E.B.,27.48
2003,Delhi Transco Limited ,Kerala S.E.B.,13.21
2003,Damodar Valley Corp.,Licencees in West Bengal,595
2003,Maharashtra  S.E.B,Madhya Pradesh S.E.B,0.76
2003,Delhi Vidyut Board,Madhya Pradesh S.E.B,232.2
2003,Rajasthan S.E.B,Madhya Pradesh S.E.B,587.24
2003,Uttaranchal Power Corporation,Madhya Pradesh S.E.B,41.82
2003,Madhya Pradesh S.E.B,Maharashtra  S.E.B,1.37
2003,Uttaranchal Power Corporation,Maharashtra  S.E.B,49.41
2003,Tripura,Mizoram,33.2
2003,Damodar Valley Corp.,N.T.P.C.,352.77
2003,Tanakpur CGP,Nepal,58.38
2003,Kerala S.E.B.,Pondicherry,25.33
2003,Tamil Nadu S.E.B,Pondicherry,275
2003,Madhya Pradesh S.E.B,Punjab S.E.B,5.8
2003,Chandigarh,Punjab S.E.B,7.05
2003,Delhi Transco Limited ,Punjab S.E.B,288.18
2003,Himachal Pradesh S.E.B.,Punjab S.E.B,245.67
2003,J&K S.E.B.,Punjab S.E.B,259.16
2003,Uttaranchal Power Corporation,Punjab S.E.B,162.81
2003,Bihar S.E.B.,Rajasthan VPNL,20.11
2003,Chandigarh,Rajasthan VPNL,9.82
2003,Delhi Transco Limited ,Rajasthan VPNL,195.68
2003,Uttaranchal Power Corporation,Rajasthan VPNL,1.25
2003,Bhutan,Sikkim,33
2003,Punjab S.E.B.,Uttar Pradesh S.E.B,107.9
2003,Bhutan,West Bengal S.E.B,695.21
2003,Durgapur Project Limited,West Bengal S.E.B,499.11
2003,Damodar Valley Corp.,West Bengal S.E.B & Damodar Project Limited,1004
2004,GRIDO,Andhra Pradesh Transco.,1.3
2004,West Bengal S.E.B,Andhra Pradesh Transco.,27.78
2004,GRIDCO,Assam S.E.B.,19.24
2004,Meghalaya S.E.B,Assam S.E.B.,7.4
2004,Tripura,Assam S.E.B.,47.9
2004,West Bengal S.E.B,Assam S.E.B.,26.84
2004,Bhutan,Bihar S. E. B.,450.15
2004,Jharkhand S.E.B.,Bihar S. E. B.,287.2
2004,West Bengal S.E.B,Chandigarh,1.27
2004,Andhra Pradesh Transco.,Chhatisgarh S.E.B.,100.44
2004,Gujarat S.E.B,Chhatisgarh S.E.B.,27.54
2004,Assam S.E.B.,Chhatisgarh S.E.B.,4.1
2004,GRIDCO,Chhatisgarh S.E.B.,287.68
2004,Tripura,Chhatisgarh S.E.B.,5.9
2004,West Bengal S.E.B,Chhatisgarh S.E.B.,59.82
2004,Bhutan,Damodar Valley Corp.,294.27
2004,DSP (WHEELING),Damodar Valley Corp.,95.85
2004,GRIDCO,Damodar Valley Corp.,2.98
2004,Jharkhand S.E.B.,Damodar Valley Corp.,440.68
2004,West Bengal S.E.B,Damodar Valley Corp.,156.94
2004,Andhra Pradesh Transco.,Delhi Transco Limited,8.39
2004,Haryana S.E.B,Delhi Transco Limited,54
2004,Himachal Pradesh S.E.B.,Delhi Transco Limited,1107
2004,Damodar Valley Corp.,DIRECT TO CONSUMERS IN JHARKAND AREA,3584.21
2004,Damodar Valley Corp.,DIRECT TO CONSUMERSIN WEST BENGAL AREA,1545.82
2004,Tata Power,Delhi Vidyut Board,104.85
2004,Bhutan,GRIDCO,242.72
2004,Damodar Valley Corp.,GRIDCO,416
2004,Andhra Pradesh Transco.,Gujarat S.E.B,16.4
2004,Chattisgarh S.E.B,Gujarat S.E.B,90.8
2004,Goa,Gujarat S.E.B,17.91
2004,GRIDCO,Gujarat S.E.B,164.23
2004,Madhya Pradesh S.E.B,Gujarat S.E.B,9.36
2004,Sikkim,Gujarat S.E.B,1.94
2004,Uttaranchal Power Corporation,Gujarat S.E.B,19.4
2004,West Bengal S.E.B,Gujarat S.E.B,544.62
2004,Delhi Transco Limited ,Haryana S.E.B.,133
2004,Himachal Pradesh S.E.B.,Haryana S.E.B.,316.94
2004,Andhra Pradesh Transco.,Haryana S.E.B.,3.5
2004,Arunachal Pradesh,Haryana S.E.B.,24.38
2004,Chattisgarh S.E.B,Haryana S.E.B.,223.3
2004,GRIDCO,Haryana S.E.B.,830.4
2004,Gujarat S.E.B,Haryana S.E.B.,20.96
2004,Meghalaya S.E.B,Haryana S.E.B.,17.3
2004,Tripura,Haryana S.E.B.,75.48
2004,West Bengal S.E.B,Haryana S.E.B.,136.26
2004,Haryana S.E.B,Himachal Pradesh S.E.B,11.87
2004,Punjab S.E.B,Himachal Pradesh S.E.B,174.6
2004,Uttar Pradesh Powercop,Himachal Pradesh S.E.B,377.87
2004,GRIDCO,J&K  P.D.C.,294.4
2004,West Bengal S.E.B,J&K  P.D.C.,64.8
2004,Andhra Pradesh Transco.,Jharkhand S.E.B.,6.13
2004,Bhutan,Jharkhand S.E.B.,53.71
2004,Damodar Valley Corp.,Jharkhand S.E.B.,2779.49
2004,GRIDCO,Jharkhand S.E.B.,142.04
2004,Andhra Pradesh Transco.,Karnataka Power Transco,9
2004,GRIDCO,Karnataka Power Transco,120.56
2004,Gujarat S.E.B,Karnataka Power Transco,2.4
2004,West Bengal S.E.B,Karnataka Power Transco,137.08
2004,Damodar Valley Corp.,Licencees in West Bengal,610.59
2004,Chattisgarh S.E.B,Madhya Pradesh S.E.B,265
2004,Goa,Madhya Pradesh S.E.B,47.8
2004,Gujarat S.E.B,Madhya Pradesh S.E.B,80.69
2004,Maharashtra  S.E.B,Madhya Pradesh S.E.B,7.75
2004,Uttar Pradesh Powercop,Madhya Pradesh S.E.B,33.99
2004,Andhra Pradesh Transco.,Maharashtra  S.E.B,90.19
2004,Arunachal Pradesh,Maharashtra  S.E.B,55.01
2004,GRIDCO,Maharashtra  S.E.B,2066.27
2004,Gujarat S.E.B,Maharashtra  S.E.B,19.8
2004,Meghalaya S.E.B,Maharashtra  S.E.B,63.36
2004,West Bengal S.E.B,Maharashtra  S.E.B,194.4
2004,Arunachal Pradesh,Meghalaya S.E.B,2.79
2004,GRIDCO,Meghalaya S.E.B,2066.27
2004,Tripura,Meghalaya S.E.B,37.19
2004,West Bengal S.E.B,Meghalaya S.E.B,10.47
2004,Tripura,Mizoram,1.64
2004,Andhra Pradesh Transco.,Madhya Pradesh S.E.B,100.63
2004,Arunachal Pradesh,Madhya Pradesh S.E.B,32.25
2004,Mizoram,Madhya Pradesh S.E.B,14.4
2004,Sikkim,Madhya Pradesh S.E.B,68.6
2004,Tripura,Madhya Pradesh S.E.B,4.5
2004,West Bengal S.E.B,Madhya Pradesh S.E.B,762.02
2004,Damodar Valley Corp.,N.T.P.C,464.03
2004,Tanakpur CGP,Nepal,40.16
2004,Kerala S.E.B.,Pondicherry,25.61
2004,Tamil Nadu S.E.B,Pondicherry,340
2004,Andhra Pradesh Transco.,Punjab S.E.B,97.81
2004,Assam S.E.B.,Punjab S.E.B,47.69
2004,GRIDCO,Punjab S.E.B,456.9
2004,Gujarat S.E.B,Punjab S.E.B,96.8
2004,Himachal Pradesh S.E.B.,Punjab S.E.B,159.4
2004,J&K S.E.B.,Punjab S.E.B,116.5
2004,Karnataka Power Transco,Punjab S.E.B,0.59
2004,Madhya Pradesh S.E.B,Punjab S.E.B,8.51
2004,Uttaranchal Power Corporation,Punjab S.E.B,233.1
2004,West Bengal S.E.B,Punjab S.E.B,744.51
2004,GRIDCO,Rajasthan S.E.B,17.2
2004,Andhra Pradesh Transco.,Rajasthan VPNL,10.12
2004,Maharashtra  S.E.B,Rajasthan VPNL,24.57
2004,Meghalaya S.E.B,Rajasthan VPNL,7.61
2004,West Bengal S.E.B,Rajasthan VPNL,186.95
2004,Bhutan,Sikkim,31.92
2004,GRIDCO,Tamil Nadu S.E.B,5.61
2004,Kerala S.E.B.,Tamil Nadu S.E.B,200.94
2004,Meghalaya S.E.B,Tripura,0.75
2004,Bihar S.E.B.,Uttar Pradesh Power Corporation,28.1
2004,West Bengal S.E.B,Uttar Pradesh Power Corporation,275.43
2004,Punjab S.E.B,Uttaranchal Power Corporation,185.3
2004,West Bengal S.E.B,Uttaranchal Power Corporation,6.37
2004,Bhutan,West Bengal S.E.B,662.28
2004,Damodar Valley Corp.,West Bengal S.E.B,1203.67
2004,GRIDCO,West Bengal S.E.B,44.75
2004,Tripura,West Bengal S.E.B,17.18
